Vessel,Trip No,Counter,Status,Customer,Month,Time,Total Time,Last Discharge Port Depart,Discharge Port Depart,Discharge Counts,Load Counts,Trip Details,Product,Load Quantity,Total Load Quantity,Details,Vessel_y,Customer (Finance),Cargo (Finance),Contract Type,Load-Port 1,Load-Port 2,Load-Port 3,Discharge-Port 1,Discharge-Port 2,Discharge-Port 3,Discharge-Port 4,Trade Pattern (per sched),TRADE MASTER,Schedule Map,Freight rate (per tonne) - PY,Time charter rate (per day) - PY,Rebate (per tonne) - PY,Other revenue (per trip) - PY,Demurrage rate - PY,Despatch rate - PY,Avg. cc / trip (PY),Freight rate (per tonne) - CY,Time charter rate (per day) - CY,Rebate (per tonne) - CY,Other revenue (per trip) - CY,Demurrage rate - CY,Despatch rate - CY,Type,Avg. cc / trip (CY),Fuel surcharge peg (per L),Fuel surcharge type,Fuel surcharge (tonnage factor),Fuel surcharge (litres factor),Calc comments,Reference price,Column1,In CY schedules?,Total Freight,Total Rebate,Total Time Charter,Total Revenue,a_start_str,a_end_str,Timing,Timing_str
Alouette Spirit,1.0,2,COMPLETE,Alouette,Apr,8.31,9.97,2024-03-30 08:20:00,2024-04-09 07:30:00.000,1,1,"Alouette,Aluminum,Sept Iles,Toledo",Aluminum,11493.63,11493.63,"Alouette Spirit,Alouette,Aluminum,Sept Iles,Toledo",Alouette Spirit,Alouette,Aluminum,COA,Sept-Iles,,,Toledo,,,,Sept-Iles__-Toledo___,Alouette Spirit*Alouette*Aluminum*Sept-Iles__-Toledo___,"Alouette Spirit,Alouette,Aluminum,Sept Iles,Toledo",35.76,0,2.15,0,951.13,-475.57,57004,36.12,0,2.5447053690843306,0,960.64,-480.33,,58942.136,0.7,Litres-based,0,92000,Simple - litres * price diff,Actual fuel price paid,,YES,415149.91559999995,29247.901971268733,0.0,385902.0136287312,20240330082000,20240409073000,20240330082000.20240409073000,20240330082000.20240409073000
Alouette Spirit,2.0,3,COMPLETE,ADM,Apr,6.55,6.55,2024-04-09 07:30:00,2024-04-15 20:45:00.000,1,1,"ADM,Grain,Windsor,Sillery",Grain,6469.12,6469.12,"Alouette Spirit,ADM,Grain,Windsor,Sillery",Alouette Spirit,ADM,Grain,COA,Windsor,,,Sillery,,,,Windsor__-Sillery___,Alouette Spirit*ADM*Grain*Windsor__-Sillery___,"Alouette Spirit,ADM,Grain,Windsor,Sillery",21.01,0,0,0,737.9,-624.38,29710,21.93,0,0,0,770.37,-385.18,,30720.14,0.725,Tonnage-based,5,0,Simple - Price difference per litre * metric tonnes * tonnage carried,Econo Fuel Price on date of loading in Hamilton,,YES,141867.8016,0.0,0.0,141867.8016,20240409073000,20240415204500,20240409073000.20240415204500,20240409073000.20240415204500
Alouette Spirit,3.0,4,COMPLETE,Alouette,Apr,8.87,8.87,2024-04-15 20:45:00,2024-04-24 17:40:00.000,1,1,"Alouette,Aluminum,Sept Iles,Toledo",Aluminum,11493.99,11493.99,"Alouette Spirit,Alouette,Aluminum,Sept Iles,Toledo",Alouette Spirit,Alouette,Aluminum,COA,Sept-Iles,,,Toledo,,,,Sept-Iles__-Toledo___,Alouette Spirit*Alouette*Aluminum*Sept-Iles__-Toledo___,"Alouette Spirit,Alouette,Aluminum,Sept Iles,Toledo",35.76,0,2.15,0,951.13,-475.57,57004,36.12,0,2.5447053690843306,0,960.64,-480.33,,58942.136,0.7,Litres-based,0,92000,Simple - litres * price diff,Actual fuel price paid,,YES,415162.9188,29248.818065201605,0.0,385914.10073479835,20240415204500,20240424174000,20240415204500.20240424174000,20240415204500.20240424174000
Alouette Spirit,4.0,5,COMPLETE,ADM,Apr,5.41,5.41,2024-04-24 17:40:00,2024-04-30 03:25:00.000,1,1,"ADM,Grain,Toledo,Windsor",Grain,8064.64,8064.64,"Alouette Spirit,ADM,Grain,Toledo,Windsor",Alouette Spirit,ADM,Grain,COA,Toledo,,,Windsor,,,,Toledo__-Windsor___,Alouette Spirit*ADM*Grain*Toledo__-Windsor___,"Alouette Spirit,ADM,Grain,Toledo,Windsor",8.96,0,0,0,687.7,-343.85,1031.9505,9.45,0,0,0,720,-360,,1067.036817,0,,0,0,Simple - litres * price diff,There is no fuel surcharge,,YES,76210.848,0.0,0.0,76210.848,20240424174000,20240430032500,20240424174000.20240430032500,20240424174000.20240430032500
Alouette Spirit,5.0,6,COMPLETE,ADM Split,May,10.17,11.02,2024-04-30 03:25:00,2024-05-11 04:00:00.000,2,2,"ADM Split,Calcium/Grain,Windsor,Courtright,Cornwall,Sillery",Calcium/Grain,6356.06,12230.46,"Alouette Spirit,ADM Split,Calcium/Grain,Windsor,Courtright,Cornwall,Sillery",Alouette Spirit,ADM/Trillium,Grain/Calcium Split,COA,Windsor,Courtright,,Cornwall,SIllery,,,Windsor_Courtright_-Cornwall_SIllery__,Alouette Spirit*ADM/Trillium*Grain/Calcium Split*Windsor_Courtright_-Cornwall_SIllery__,"Alouette Spirit,ADM Split,Calcium/Grain,Windsor,Courtright,Cornwall,Sillery",24.740000000000002,0,0.9165,0,737.9,-624.38,39185,25.63,0,0.9165,0,793.63,-396.82,,40517.29,0.8,Litres-based & Tonnage-based,2.6,55000,Multiple,Multiple,,YES,313466.6898,11209.216589999998,0.0,302257.47320999997,20240430032500,20240511040000,20240430032500.20240511040000,20240430032500.20240511040000
Alouette Spirit,6.0,7,COMPLETE,Alouette,May,10.49,10.49,2024-05-11 04:00:00,2024-05-21 15:40:00.000,1,1,"Alouette,Aluminum,Sept Iles,Toledo",Aluminum,11494.32,11494.32,"Alouette Spirit,Alouette,Aluminum,Sept Iles,Toledo",Alouette Spirit,Alouette,Aluminum,COA,Sept-Iles,,,Toledo,,,,Sept-Iles__-Toledo___,Alouette Spirit*Alouette*Aluminum*Sept-Iles__-Toledo___,"Alouette Spirit,Alouette,Aluminum,Sept Iles,Toledo",35.76,0,2.15,0,951.13,-475.57,57004,36.12,0,2.5447053690843306,0,960.64,-480.33,,58942.136,0.7,Litres-based,0,92000,Simple - litres * price diff,Actual fuel price paid,,YES,415174.83839999995,29249.657817973402,0.0,385925.18058202654,20240511040000,20240521154000,20240511040000.20240521154000,20240511040000.20240521154000
Alouette Spirit,7.0,8,COMPLETE,Alouette,Jun,1.98,12.32,2024-05-21 15:40:00,2024-06-02 23:25:00.000,1,1,"Alouette,Aluminum,Sept Iles,Toledo",Aluminum,11497.78,11497.78,"Alouette Spirit,Alouette,Aluminum,Sept Iles,Toledo",Alouette Spirit,Alouette,Aluminum,COA,Sept-Iles,,,Toledo,,,,Sept-Iles__-Toledo___,Alouette Spirit*Alouette*Aluminum*Sept-Iles__-Toledo___,"Alouette Spirit,Alouette,Aluminum,Sept Iles,Toledo",35.76,0,2.15,0,951.13,-475.57,57004,36.12,0,2.5447053690843306,0,960.64,-480.33,,58942.136,0.7,Litres-based,0,92000,Simple - litres * price diff,Actual fuel price paid,,YES,415299.8136,29258.462498550438,0.0,386041.3511014496,20240521154000,20240602232500,20240521154000.20240602232500,20240521154000.20240602232500
Alouette Spirit,8.0,9,COMPLETE,ADM,Jun,12.39,12.39,2024-06-02 23:25:00,2024-06-15 08:53:00.000,1,1,"ADM,Grain,Windsor,Sillery",Grain,6352.66,6352.66,"Alouette Spirit,ADM,Grain,Windsor,Sillery",Alouette Spirit,ADM,Grain,COA,Windsor,,,Sillery,,,,Windsor__-Sillery___,Alouette Spirit*ADM*Grain*Windsor__-Sillery___,"Alouette Spirit,ADM,Grain,Windsor,Sillery",21.01,0,0,0,737.9,-624.38,29710,21.93,0,0,0,770.37,-385.18,,30720.14,0.725,Tonnage-based,5,0,Simple - Price difference per litre * metric tonnes * tonnage carried,Econo Fuel Price on date of loading in Hamilton,,YES,139313.8338,0.0,0.0,139313.8338,20240602232500,20240615085300,20240602232500.20240615085300,20240602232500.20240615085300
Alouette Spirit,9.0,10,COMPLETE,Alouette,Jun,9.25,9.25,2024-06-15 08:53:00,2024-06-24 14:58:00.000,1,1,"Alouette,Aluminum,Sept Iles,Toledo",Aluminum,11494.82,11494.82,"Alouette Spirit,Alouette,Aluminum,Sept Iles,Toledo",Alouette Spirit,Alouette,Aluminum,COA,Sept-Iles,,,Toledo,,,,Sept-Iles__-Toledo___,Alouette Spirit*Alouette*Aluminum*Sept-Iles__-Toledo___,"Alouette Spirit,Alouette,Aluminum,Sept Iles,Toledo",35.76,0,2.15,0,951.13,-475.57,57004,36.12,0,2.5447053690843306,0,960.64,-480.33,,58942.136,0.7,Litres-based,0,92000,Simple - litres * price diff,Actual fuel price paid,,YES,415192.89839999995,29250.930170657946,0.0,385941.968229342,20240615085300,20240624145800,20240615085300.20240624145800,20240615085300.20240624145800
Alouette Spirit,10.0,11,COMPLETE,ADM Split,Jul,3.79,10.16,2024-06-24 14:58:00,2024-07-04 18:55:00.000,2,2,"ADM Split,Calcium/Grain,Windsor,Courtright,Cornwall,Sillery",Calcium/Grain,6200.11,10778.3,"Alouette Spirit,ADM Split,Calcium/Grain,Windsor,Courtright,Cornwall,Sillery",Alouette Spirit,ADM/Trillium,Grain/Calcium Split,COA,Windsor,Courtright,,Cornwall,SIllery,,,Windsor_Courtright_-Cornwall_SIllery__,Alouette Spirit*ADM/Trillium*Grain/Calcium Split*Windsor_Courtright_-Cornwall_SIllery__,"Alouette Spirit,ADM Split,Calcium/Grain,Windsor,Courtright,Cornwall,Sillery",24.740000000000002,0,0.9165,0,737.9,-624.38,39185,25.63,0,0.9165,0,793.63,-396.82,,40517.29,0.8,Litres-based & Tonnage-based,2.6,55000,Multiple,Multiple,,YES,276247.82899999997,9878.31195,0.0,266369.51704999997,20240624145800,20240704185500,20240624145800.20240704185500,20240624145800.20240704185500
Alouette Spirit,11.0,12,COMPLETE,Alouette,Jul,8.53,8.53,2024-07-04 18:55:00,2024-07-13 07:39:00.000,1,1,"Alouette,Aluminum,Sept Iles,Toledo",Aluminum,10495.78,10495.78,"Alouette Spirit,Alouette,Aluminum,Sept Iles,Toledo",Alouette Spirit,Alouette,Aluminum,COA,Sept-Iles,,,Toledo,,,,Sept-Iles__-Toledo___,Alouette Spirit*Alouette*Aluminum*Sept-Iles__-Toledo___,"Alouette Spirit,Alouette,Aluminum,Sept Iles,Toledo",35.76,0,2.15,0,951.13,-475.57,57004,36.12,0,2.5447053690843306,0,960.64,-480.33,,58942.136,0.7,Litres-based,0,92000,Simple - litres * price diff,Actual fuel price paid,,YES,379107.5736,26708.66771872794,0.0,352398.90588127205,20240704185500,20240713073900,20240704185500.20240713073900,20240704185500.20240713073900
Alouette Spirit,12.0,13,CURRENT,ADM,Jul,8.81,8.81,2024-07-13 07:39:00,2024-07-22 03:00:00.000,1,1,"ADM,Grain,Windsor,Sillery",Grain,6200.0,6200.0,"Alouette Spirit,ADM,Grain,Windsor,Sillery",Alouette Spirit,ADM,Grain,COA,Windsor,,,Sillery,,,,Windsor__-Sillery___,Alouette Spirit*ADM*Grain*Windsor__-Sillery___,"Alouette Spirit,ADM,Grain,Windsor,Sillery",21.01,0,0,0,737.9,-624.38,29710,21.93,0,0,0,770.37,-385.18,,30720.14,0.725,Tonnage-based,5,0,Simple - Price difference per litre * metric tonnes * tonnage carried,Econo Fuel Price on date of loading in Hamilton,,YES,135966.0,0.0,0.0,135966.0,20240713073900,20240722030000,20240713073900.20240722030000,20240713073900.20240722030000
Alouette Spirit,33.0,1,COMPLETE,ADM Split,Mar,10.03,10.03,2024-03-20 07:35:00,2024-03-30 08:20:00.000,2,2,"ADM Split,Calcium/Grain,Windsor,Courtright,Cornwall,Sillery",Calcium/Grain,6462.0,12344.4959829,"Alouette Spirit,ADM Split,Calcium/Grain,Windsor,Courtright,Cornwall,Sillery",Alouette Spirit,ADM/Trillium,Grain/Calcium Split,COA,Windsor,Courtright,,Cornwall,SIllery,,,Windsor_Courtright_-Cornwall_SIllery__,Alouette Spirit*ADM/Trillium*Grain/Calcium Split*Windsor_Courtright_-Cornwall_SIllery__,"Alouette Spirit,ADM Split,Calcium/Grain,Windsor,Courtright,Cornwall,Sillery",24.740000000000002,0,0.9165,0,737.9,-624.38,39185,25.63,0,0.9165,0,793.63,-396.82,,40517.29,0.8,Litres-based & Tonnage-based,2.6,55000,Multiple,Multiple,,YES,316389.432041727,11313.73056832785,0.0,305075.7014733992,20240320073500,20240330082000,20240320073500.20240330082000,20240320073500.20240330082000
Blair McKeil,1.0,2,COMPLETE,P&H,Apr,5.85,5.85,2024-04-20 20:30:00,2024-04-26 17:00:00.000,1,2,"P&H,Grain,Port Colborne,Hamilton,Montreal",Grain,7655.0,12573.08,"Blair McKeil,P&H,Grain,Port Colborne,Hamilton,Montreal",Blair McKeil,P&H,Grain,COA,Port Colborne,Hamilton,,Montreal,,,,Port Colborne_Hamilton_-Montreal___,Blair McKeil*P&H*Grain*Port Colborne_Hamilton_-Montreal___,"Blair McKeil,P&H,Grain,Port Colborne,Hamilton,Montreal",,,,,,,,19.25,0,0,5000,1250,-625,,20492,1,Tonnage-based,2.5,0,,Sarnia,,YES,242031.79,0.0,0.0,242031.79,20240420203000,20240426170000,20240420203000.20240426170000,20240420203000.20240426170000
Blair McKeil,2.0,3,COMPLETE,US Gypsum,May,2.46,6.75,2024-04-26 17:00:00,2024-05-03 11:00:00.000,1,1,"US Gypsum,Gypsum,Belledune,Montreal",Gypsum,13947.06,13947.06,"Blair McKeil,US Gypsum,Gypsum,Belledune,Montreal",Blair McKeil,US Gypsum,Gypsum,COA,Belledune,,,Montreal,,,,Belledune__-Montreal___,Blair McKeil*US Gypsum*Gypsum*Belledune__-Montreal___,"Blair McKeil,US Gypsum,Gypsum,Belledune,Montreal",22.51,0,0,0,1267.48,-633.75,23810.97,24.23,0,0,0,1360,-680,,24620.542980000002,0.625,Tonnage-based,3.25,0,Simple - Price difference per litre * metric tonnes * tonnage carried,Econo Windsor,,YES,337937.2638,0.0,0.0,337937.2638,20240426170000,20240503110000,20240426170000.20240503110000,20240426170000.20240503110000
Blair McKeil,3.0,4,COMPLETE,P&H,May,7.53,7.53,2024-05-03 11:00:00,2024-05-10 23:50:00.000,1,1,"P&H,Grain,Goderich,Montreal",Grain,12913.15,12913.15,"Blair McKeil,P&H,Grain,Goderich,Montreal",Blair McKeil,P&H,Grain,COA,Goderich,,,Montreal,,,,Goderich__-Montreal___,Blair McKeil*P&H*Grain*Goderich__-Montreal___,"Blair McKeil,P&H,Grain,Goderich,Montreal",,,,,,,,24.2,0,0,0,1250,-625,,22500,1,Tonnage-based,3.6,0,,Sarnia,,YES,312498.23,0.0,0.0,312498.23,20240503110000,20240510235000,20240503110000.20240510235000,20240503110000.20240510235000
Blair McKeil,4.0,5,COMPLETE,US Gypsum,May,13.88,13.88,2024-05-10 23:50:00,2024-05-24 20:50:00.000,1,1,"US Gypsum,Gypsum,Mulgrave,Hamilton",Gypsum,13483.5,13483.5,"Blair McKeil,US Gypsum,Gypsum,Mulgrave,Hamilton",Blair McKeil,US Gypsum,Gypsum,COA,Mulgrave,,,Hamilton,,,,Mulgrave__-Hamilton___,Blair McKeil*US Gypsum*Gypsum*Mulgrave__-Hamilton___,"Blair McKeil,US Gypsum,Gypsum,Mulgrave,Hamilton",30.11,0,0,0,1267.48,-633.75,29861.92,32.95,0,0,0,1360,-680,,30877.22528,1.1,Tonnage-based,4.8,0,Simple - Price difference per litre * metric tonnes * tonnage carried,Econo Windsor,,YES,444281.325,0.0,0.0,444281.325,20240510235000,20240524205000,20240510235000.20240524205000,20240510235000.20240524205000
Blair McKeil,5.0,6,COMPLETE,Arcelor,May,5.99,5.99,2024-05-24 20:50:00,2024-05-30 20:32:00.000,1,1,"Arcelor,Coke,Detroit,Hamilton",Coke,7566.866372400001,7566.866372400001,"Blair McKeil,Arcelor,Coke,Detroit,Hamilton",Blair McKeil,Arcelor,Coke,COA,Detroit,,,Hamilton,,,,Detroit__-Hamilton___,Blair McKeil*Arcelor*Coke*Detroit__-Hamilton___,"Blair McKeil,Arcelor,Coke,Detroit,Hamilton",,,,,,,,21.06,0,0.2,0,718,-359,,22573.81,0.85,Tonnage-based,4,0,Simple - Price difference per litre * metric tonnes * tonnage carried,Actual Fuel Price for last fueling,,YES,159358.205802744,1513.3732744800002,0.0,157844.832528264,20240524205000,20240530203200,20240524205000.20240530203200,20240524205000.20240530203200
Blair McKeil,6.0,7,COMPLETE,US Gypsum,Jun,7.5,8.64,2024-05-30 20:32:00,2024-06-08 11:53:00.000,1,1,"US Gypsum,Gypsum,Belledune,Montreal",Gypsum,14091.49,14091.49,"Blair McKeil,US Gypsum,Gypsum,Belledune,Montreal",Blair McKeil,US Gypsum,Gypsum,COA,Belledune,,,Montreal,,,,Belledune__-Montreal___,Blair McKeil*US Gypsum*Gypsum*Belledune__-Montreal___,"Blair McKeil,US Gypsum,Gypsum,Belledune,Montreal",22.51,0,0,0,1267.48,-633.75,23810.97,24.23,0,0,0,1360,-680,,24620.542980000002,0.625,Tonnage-based,3.25,0,Simple - Price difference per litre * metric tonnes * tonnage carried,Econo Windsor,,YES,341436.8027,0.0,0.0,341436.8027,20240530203200,20240608115300,20240530203200.20240608115300,20240530203200.20240608115300
Blair McKeil,7.0,8,COMPLETE,FWC,Jun,15.33,15.33,2024-06-08 11:53:00,2024-06-23 19:55:00.000,1,1,"FWC,Quartz,Long Pond,Hamilton",Quartz,13787.98,13787.98,"Blair McKeil,FWC,Quartz,Long Pond,Hamilton",Blair McKeil,FWC,Quartz,COA,Long Pond,,,Hamilton,,,,Long Pond__-Hamilton___,Blair McKeil*FWC*Quartz*Long Pond__-Hamilton___,"Blair McKeil,FWC,Quartz,Long Pond,Hamilton",56.18,0,0,0,800,-400,161730.55,58.37,0,0,0,800,-400,,167229.38869999998,0.8,Tonnage-based,7,0,Simple - Price difference per litre * metric tonnes * tonnage carried,From Hampton Bunkering,,YES,804804.3925999999,0.0,0.0,804804.3925999999,20240608115300,20240623195500,20240608115300.20240623195500,20240608115300.20240623195500
Blair McKeil,8.0,9,COMPLETE,Elkem,Jul,1.0,8.17,2024-06-23 19:55:00,2024-07-01 23:59:00.000,1,1,"Elkem,Coal,Sandusky,Grande Anse",Coal,10872.42,10872.42,"Blair McKeil,Elkem,Coal,Sandusky,Grande Anse",Blair McKeil,Elkem,Coal,COA,Sandusky,,,Grande-Anse,,,,Sandusky__-Grande-Anse___,Blair McKeil*Elkem*Coal*Sandusky__-Grande-Anse___,"Blair McKeil,Elkem,Coal,Sandusky,Grande Anse",27.87,0,0,0,1125.72,-562.86,50000,28.82,0,0,0,1163.99,-582,,51700,0.27166850005433374,Litres-based,0,78129.41174907998,Converted Elkem calc to L,Actual fuel file including Delivery & FET,,YES,313343.1444,0.0,0.0,313343.1444,20240623195500,20240701235900,20240623195500.20240701235900,20240623195500.20240701235900
Blair McKeil,9.0,10,COMPLETE,FWC,Jul,12.69,12.69,2024-07-01 23:59:00,2024-07-14 16:30:00.000,1,1,"FWC,Quartz,Long Pond,Hamilton",Quartz,13980.12,13980.12,"Blair McKeil,FWC,Quartz,Long Pond,Hamilton",Blair McKeil,FWC,Quartz,COA,Long Pond,,,Hamilton,,,,Long Pond__-Hamilton___,Blair McKeil*FWC*Quartz*Long Pond__-Hamilton___,"Blair McKeil,FWC,Quartz,Long Pond,Hamilton",56.18,0,0,0,800,-400,161730.55,58.37,0,0,0,800,-400,,167229.38869999998,0.8,Tonnage-based,7,0,Simple - Price difference per litre * metric tonnes * tonnage carried,From Hampton Bunkering,,YES,816019.6044,0.0,0.0,816019.6044,20240701235900,20240714163000,20240701235900.20240714163000,20240701235900.20240714163000
Blair McKeil,10.0,11,CURRENT,P&H,Jul,7.85,7.85,2024-07-14 16:30:00,2024-07-22 13:00:00.000,1,1,"P&H,Grain,Goderich,Port Cartier",Grain,12800.0,12800.0,"Blair McKeil,P&H,Grain,Goderich,Port Cartier",Blair McKeil,P&H,Grain,COA,Goderich,,,Port Cartier,,,,Goderich__-Port Cartier___,Blair McKeil*P&H*Grain*Goderich__-Port Cartier___,"Blair McKeil,P&H,Grain,Goderich,Port Cartier",,,,,,,,28.05,0,0,0,1250,-625,,28000,1,Tonnage-based,5.3,0,,,,YES,359040.0,0.0,0.0,359040.0,20240714163000,20240722130000,20240714163000.20240722130000,20240714163000.20240722130000
Blair McKeil,26.0,1,COMPLETE,Lighthouse,Apr,19.85,32.79,2024-03-19 01:27:00,2024-04-20 20:30:00.000,1,1,"Lighthouse,Gypsum,Garrucha,Hamilton",Gypsum,13646.0,13646.0,"Blair McKeil,Lighthouse,Gypsum,Garrucha,Hamilton",Blair McKeil,Lighthouse,Gypsum,Spot,Garrucha,,,Hamilton,,,,Garrucha__-Hamilton___,Blair McKeil*Lighthouse*Gypsum*Garrucha__-Hamilton___,"Blair McKeil,Lighthouse,Gypsum,Garrucha,Hamilton",67.16250000000001,0,0,0,956.2455000000001,-956.2455000000001,110000,67.16250000000001,0,0,0,956.2455000000001,-478.12275000000005,,113740,0,,0,0,,,,YES,916499.4750000001,0.0,0.0,916499.4750000001,20240319012700,20240420203000,20240319012700.20240420203000,20240319012700.20240420203000
Evans Spirit,1.0,1,COMPLETE,US Gypsum,Apr,7.41,7.41,2024-04-01 16:03:00,2024-04-09 01:53:00.000,1,1,"US Gypsum,Gypsum,Belledune,Montreal",Gypsum,14014.41,14014.41,"Evans Spirit,US Gypsum,Gypsum,Belledune,Montreal",Evans Spirit,US Gypsum,Gypsum,COA,Belledune,,,Montreal,,,,Belledune__-Montreal___,Evans Spirit*US Gypsum*Gypsum*Belledune__-Montreal___,"Evans Spirit,US Gypsum,Gypsum,Belledune,Montreal",22.51,0,0,0,1267.48,-633.75,23810.97,24.23,0,0,0,1360,-680,,24620.542980000002,0.625,Tonnage-based,3.25,0,Simple - Price difference per litre * metric tonnes * tonnage carried,Econo Windsor,,YES,339569.1543,0.0,0.0,339569.1543,20240401160300,20240409015300,20240401160300.20240409015300,20240401160300.20240409015300
Evans Spirit,2.0,2,COMPLETE,Alouette,Apr,9.44,9.44,2024-04-09 01:53:00,2024-04-18 12:27:00.000,2,1,"Alouette,Aluminum,Sept Iles,Oswego,Toledo",Aluminum,11994.35,11994.35,"Evans Spirit,Alouette,Aluminum,Sept Iles,Oswego,Toledo",Evans Spirit,Alouette,Aluminum,COA,Sept-Iles,,,Oswego,Toledo,,,Sept-Iles__-Oswego_Toledo__,Evans Spirit*Alouette*Aluminum*Sept-Iles__-Oswego_Toledo__,"Evans Spirit,Alouette,Aluminum,Sept Iles,Oswego,Toledo",35.0066,0,2.15,0,951.13,-475.57,55819.84,35.17,0,2.5447053690843306,0,960.64,-480.33,,57717.71456,0.7,Litres-based,0,75000,Simple - litres * price diff,Actual fuel price paid,,YES,421841.2895,30522.086843676643,0.0,391319.2026563234,20240409015300,20240418122700,20240409015300.20240418122700,20240409015300.20240418122700
Evans Spirit,3.0,3,COMPLETE,Cargill,Apr,5.75,5.75,2024-04-18 12:27:00,2024-04-24 06:29:00.000,1,1,"Cargill,Grain,Sarnia,Baie Comeau",Grain,12458.0,12458.0,"Evans Spirit,Cargill,Grain,Sarnia,Baie Comeau",Evans Spirit,Cargill,Grain,COA,Sarnia,,,Baie Comeau,,,,Sarnia__-Baie Comeau___,Evans Spirit*Cargill*Grain*Sarnia__-Baie Comeau___,"Evans Spirit,Cargill,Grain,Sarnia,Baie Comeau",21.61,0,0,0,1133,-566.5,10971,22.26,0,0,0,1166.99,-583.5,,11344.014000000001,0.6,Tonnage-based,5.3,0,Simple - Price difference per litre * metric tonnes * tonnage carried,Sterling Fuels on date of loading.,,YES,277315.08,0.0,0.0,277315.08,20240418122700,20240424062900,20240418122700.20240424062900,20240418122700.20240424062900
Evans Spirit,4.0,4,COMPLETE,Alouette,May,1.42,8.15,2024-04-24 06:29:00,2024-05-02 10:00:00.000,1,1,"Alouette,Aluminum,Sept Iles,Toledo",Aluminum,11994.16,11994.16,"Evans Spirit,Alouette,Aluminum,Sept Iles,Toledo",Evans Spirit,Alouette,Aluminum,COA,Sept-Iles,,,Toledo,,,,Sept-Iles__-Toledo___,Evans Spirit*Alouette*Aluminum*Sept-Iles__-Toledo___,"Evans Spirit,Alouette,Aluminum,Sept Iles,Toledo",35.76,0,2.15,0,951.13,-475.57,59454.8385,36.12,0,2.5447053690843306,0,960.64,-480.33,,61476.303009,0.7,Litres-based,0,75000,Simple - litres * price diff,Actual fuel price paid,,YES,433229.05919999996,30521.603349656514,0.0,402707.45585034345,20240424062900,20240502100000,20240424062900.20240502100000,20240424062900.20240502100000
Evans Spirit,5.0,5,COMPLETE,Cargill,May,8.81,8.81,2024-05-02 10:00:00,2024-05-11 05:30:00.000,1,1,"Cargill,Grain,Thunder Bay,Baie Comeau",Grain,13524.14,13524.14,"Evans Spirit,Cargill,Grain,Thunder Bay,Baie Comeau",Evans Spirit,Cargill,Grain,COA,Thunder Bay,,,Baie Comeau,,,,Thunder Bay__-Baie Comeau___,Evans Spirit*Cargill*Grain*Thunder Bay__-Baie Comeau___,"Evans Spirit,Cargill,Grain,Thunder Bay,Baie Comeau",,,,,,,13967.51,26.63,0,0,0,1166.99,-583.5,,14442.405340000001,0.6,Tonnage-based,8.4,0,Simple - Price difference per litre * metric tonnes * tonnage carried,Sterling Fuels on date of loading.,,YES,360147.84819999995,0.0,0.0,360147.84819999995,20240502100000,20240511053000,20240502100000.20240511053000,20240502100000.20240511053000
Evans Spirit,6.0,6,COMPLETE,Alouette,May,7.98,7.98,2024-05-11 05:30:00,2024-05-19 05:02:00.000,2,1,"Alouette,Aluminum,Sept Iles,Oswego,Toledo",Aluminum,11995.44,11995.44,"Evans Spirit,Alouette,Aluminum,Sept Iles,Oswego,Toledo",Evans Spirit,Alouette,Aluminum,COA,Sept-Iles,,,Oswego,Toledo,,,Sept-Iles__-Oswego_Toledo__,Evans Spirit*Alouette*Aluminum*Sept-Iles__-Oswego_Toledo__,"Evans Spirit,Alouette,Aluminum,Sept Iles,Oswego,Toledo",35.0066,0,2.15,0,951.13,-475.57,55819.84,35.17,0,2.5447053690843306,0,960.64,-480.33,,57717.71456,0.7,Litres-based,0,75000,Simple - litres * price diff,Actual fuel price paid,,YES,421879.62480000005,30524.860572528945,0.0,391354.7642274711,20240511053000,20240519050200,20240511053000.20240519050200,20240511053000.20240519050200
Evans Spirit,7.0,7,COMPLETE,Arcelor,May,4.88,4.88,2024-05-19 05:02:00,2024-05-24 02:15:00.000,1,1,"Arcelor,Coke,Sandusky,Hamilton",Coke,6858.109947450001,6858.109947450001,"Evans Spirit,Arcelor,Coke,Sandusky,Hamilton",Evans Spirit,Arcelor,Coke,COA,Sandusky,,,Hamilton,,,,Sandusky__-Hamilton___,Evans Spirit*Arcelor*Coke*Sandusky__-Hamilton___,"Evans Spirit,Arcelor,Coke,Sandusky,Hamilton",20.55,0,0.2,0,1007,-503.5,19734.75,21.06,0,0.2,0,1032,-516,,20405.7315,0.85,Tonnage-based,4,0,Simple - Price difference per litre * metric tonnes * tonnage carried,Actual Fuel Price for last fueling,,YES,144431.79549329702,1371.6219894900003,0.0,143060.17350380702,20240519050200,20240524021500,20240519050200.20240524021500,20240519050200.20240524021500
Evans Spirit,8.0,8,COMPLETE,Alouette,Jun,3.42,11.32,2024-05-24 02:15:00,2024-06-04 10:02:00.000,1,1,"Alouette,Aluminum,Sept Iles,Toledo",Aluminum,11994.95,11994.95,"Evans Spirit,Alouette,Aluminum,Sept Iles,Toledo",Evans Spirit,Alouette,Aluminum,COA,Sept-Iles,,,Toledo,,,,Sept-Iles__-Toledo___,Evans Spirit*Alouette*Aluminum*Sept-Iles__-Toledo___,"Evans Spirit,Alouette,Aluminum,Sept Iles,Toledo",35.76,0,2.15,0,951.13,-475.57,59454.8385,36.12,0,2.5447053690843306,0,960.64,-480.33,,61476.303009,0.7,Litres-based,0,75000,Simple - litres * price diff,Actual fuel price paid,,YES,433257.594,30523.613666898094,0.0,402733.9803331019,20240524021500,20240604100200,20240524021500.20240604100200,20240524021500.20240604100200
Evans Spirit,9.0,9,COMPLETE,Cargill,Jun,10.4,10.4,2024-06-04 10:02:00,2024-06-14 19:40:00.000,1,1,"Cargill,Grain,Thunder Bay,Baie Comeau",Grain,13607.73,13607.73,"Evans Spirit,Cargill,Grain,Thunder Bay,Baie Comeau",Evans Spirit,Cargill,Grain,COA,Thunder Bay,,,Baie Comeau,,,,Thunder Bay__-Baie Comeau___,Evans Spirit*Cargill*Grain*Thunder Bay__-Baie Comeau___,"Evans Spirit,Cargill,Grain,Thunder Bay,Baie Comeau",,,,,,,13967.51,26.63,0,0,0,1166.99,-583.5,,14442.405340000001,0.6,Tonnage-based,8.4,0,Simple - Price difference per litre * metric tonnes * tonnage carried,Sterling Fuels on date of loading.,,YES,362373.8499,0.0,0.0,362373.8499,20240604100200,20240614194000,20240604100200.20240614194000,20240604100200.20240614194000
Evans Spirit,10.0,10,COMPLETE,Alouette,Jun,8.53,8.53,2024-06-14 19:40:00,2024-06-23 08:18:00.000,2,1,"Alouette,Aluminum,Sept Iles,Oswego,Toledo",Aluminum,11989.56,11989.56,"Evans Spirit,Alouette,Aluminum,Sept Iles,Oswego,Toledo",Evans Spirit,Alouette,Aluminum,COA,Sept-Iles,,,Oswego,Toledo,,,Sept-Iles__-Oswego_Toledo__,Evans Spirit*Alouette*Aluminum*Sept-Iles__-Oswego_Toledo__,"Evans Spirit,Alouette,Aluminum,Sept Iles,Oswego,Toledo",35.0066,0,2.15,0,951.13,-475.57,55819.84,35.17,0,2.5447053690843306,0,960.64,-480.33,,57717.71456,0.7,Litres-based,0,75000,Simple - litres * price diff,Actual fuel price paid,,YES,421672.8252,30509.897704958727,0.0,391162.9274950413,20240614194000,20240623081800,20240614194000.20240623081800,20240614194000.20240623081800
Evans Spirit,11.0,11,COMPLETE,G3,Jul,0.91,8.56,2024-06-23 08:18:00,2024-07-01 21:51:00.000,1,1,"G3,Grain,Thunder Bay,Quebec",Grain,13417.39,13417.39,"Evans Spirit,G3,Grain,Thunder Bay,Quebec",Evans Spirit,G3,Grain,COA,Thunder Bay,,,Quebec,,,,Thunder Bay__-Quebec___,Evans Spirit*G3*Grain*Thunder Bay__-Quebec___,"Evans Spirit,G3,Grain,Thunder Bay,Quebec",30.52,0,0,0,1150,-575,40501.093499999995,31.56,0,0,0,1220,-610,,41878.130678999994,0.75,Tonnage-based,7.8,0,Simple - Price difference per litre * metric tonnes * tonnage carried,,,YES,423452.82839999994,0.0,0.0,423452.82839999994,20240623081800,20240701215100,20240623081800.20240701215100,20240623081800.20240701215100
Evans Spirit,12.0,12,COMPLETE,Alouette,Jul,8.33,8.33,2024-07-01 21:51:00,2024-07-10 05:41:00.000,2,1,"Alouette,Aluminum,Sept Iles,Oswego,Toledo",Aluminum,10908.32,10908.32,"Evans Spirit,Alouette,Aluminum,Sept Iles,Oswego,Toledo",Evans Spirit,Alouette,Aluminum,COA,Sept-Iles,,,Oswego,Toledo,,,Sept-Iles__-Oswego_Toledo__,Evans Spirit*Alouette*Aluminum*Sept-Iles__-Oswego_Toledo__,"Evans Spirit,Alouette,Aluminum,Sept Iles,Oswego,Toledo",35.0066,0,2.15,0,951.13,-475.57,55819.84,35.17,0,2.5447053690843306,0,960.64,-480.33,,57717.71456,0.7,Litres-based,0,75000,Simple - litres * price diff,Actual fuel price paid,,YES,383645.6144,27758.460471689985,0.0,355887.15392831,20240701215100,20240710054100,20240701215100.20240710054100,20240701215100.20240710054100
Evans Spirit,13.0,13,CURRENT,Cargill,Jul,7.35,7.35,2024-07-10 05:41:00,2024-07-17 14:00:00.000,1,1,"Cargill,Grain,Sarnia,Baie Comeau",Grain,12800.0,12800.0,"Evans Spirit,Cargill,Grain,Sarnia,Baie Comeau",Evans Spirit,Cargill,Grain,COA,Sarnia,,,Baie Comeau,,,,Sarnia__-Baie Comeau___,Evans Spirit*Cargill*Grain*Sarnia__-Baie Comeau___,"Evans Spirit,Cargill,Grain,Sarnia,Baie Comeau",21.61,0,0,0,1133,-566.5,10971,22.26,0,0,0,1166.99,-583.5,,11344.014000000001,0.6,Tonnage-based,5.3,0,Simple - Price difference per litre * metric tonnes * tonnage carried,Sterling Fuels on date of loading.,,YES,284928.0,0.0,0.0,284928.0,20240710054100,20240717140000,20240710054100.20240717140000,20240710054100.20240717140000
Florence Spirit,1.0,3,COMPLETE,Elkem,Apr,7.3,9.5,2024-03-29 19:10:00,2024-04-08 07:07:00.000,1,1,"Elkem,Coal,Sandusky,Grande Anse",Coal,10486.69,10486.69,"Florence Spirit,Elkem,Coal,Sandusky,Grande Anse",Florence Spirit,Elkem,Coal,COA,Sandusky,,,Grande-Anse,,,,Sandusky__-Grande-Anse___,Florence Spirit*Elkem*Coal*Sandusky__-Grande-Anse___,"Florence Spirit,Elkem,Coal,Sandusky,Grande Anse",27.87,,,,1125.72,-562.86,45729.22,28.82,0,0,0,1163.99,-582,,47284.01348,0.27166850005433374,Litres-based,0,78129.41174907998,Converted Elkem calc to L,Actual fuel file including Delivery & FET,,YES,302226.4058,0.0,0.0,302226.4058,20240329191000,20240408070700,20240329191000.20240408070700,20240329191000.20240408070700
Florence Spirit,2.0,4,COMPLETE,Arcelor,Apr,8.6,8.6,2024-04-08 07:07:00,2024-04-16 21:25:00.000,1,1,"Arcelor,Coke,Detroit,Hamilton",Coke,5644.1966271,5644.1966271,"Florence Spirit,Arcelor,Coke,Detroit,Hamilton",Florence Spirit,Arcelor,Coke,COA,Detroit,,,Hamilton,,,,Detroit__-Hamilton___,Florence Spirit*Arcelor*Coke*Detroit__-Hamilton___,"Florence Spirit,Arcelor,Coke,Detroit,Hamilton",20.55,0,0.2,0,1007,-503.5,20535,21.06,0,0.2,0,1032,-516,,21233.190000000002,0.85,Tonnage-based,4,0,Simple - Price difference per litre * metric tonnes * tonnage carried,Actual Fuel Price for last fueling,,YES,118866.780966726,1128.83932542,0.0,117737.941641306,20240408070700,20240416212500,20240408070700.20240416212500,20240408070700.20240416212500
Florence Spirit,3.0,5,COMPLETE,Richardson - H,Apr,4.74,4.74,2024-04-16 21:25:00,2024-04-21 15:05:00.000,1,1,"Richardson - H,Grain,Hamilton,Sorel",Grain,12090.12,12090.12,"Florence Spirit,Richardson - H,Grain,Hamilton,Sorel",Florence Spirit,Richardson,Grain,COA,Hamilton,,,Sorel,,,,Hamilton__-Sorel___,Florence Spirit*Richardson*Grain*Hamilton__-Sorel___,"Florence Spirit,Richardson - H,Grain,Hamilton,Sorel",12.65,0,0,0,1169.3,-584.65,3417.1514999999995,13.08,0,0,0,1209.06,-604.53,,3533.3346509999997,0.75,Tonnage-based,1.9466666666666743,0,Simple - Price difference per litre * metric tonnes * tonnage carried,,,YES,158138.7696,0.0,0.0,158138.7696,20240416212500,20240421150500,20240416212500.20240421150500,20240416212500.20240421150500
Florence Spirit,4.0,6,COMPLETE,Arcelor,Apr,6.63,6.63,2024-04-21 15:05:00,2024-04-28 06:18:00.000,1,1,"Arcelor,Coke,Detroit,Hamilton",Coke,7991.54688645,7991.54688645,"Florence Spirit,Arcelor,Coke,Detroit,Hamilton",Florence Spirit,Arcelor,Coke,COA,Detroit,,,Hamilton,,,,Detroit__-Hamilton___,Florence Spirit*Arcelor*Coke*Detroit__-Hamilton___,"Florence Spirit,Arcelor,Coke,Detroit,Hamilton",20.55,0,0.2,0,1007,-503.5,20535,21.06,0,0.2,0,1032,-516,,21233.190000000002,0.85,Tonnage-based,4,0,Simple - Price difference per litre * metric tonnes * tonnage carried,Actual Fuel Price for last fueling,,YES,168301.97742863698,1598.3093772900002,0.0,166703.668051347,20240421150500,20240428061800,20240421150500.20240428061800,20240421150500.20240428061800
Florence Spirit,5.0,7,COMPLETE,Richardson - H,May,1.58,4.31,2024-04-28 06:18:00,2024-05-02 13:50:00.000,1,1,"Richardson - H,Grain,Hamilton,Sorel",Grain,12091.99,12091.99,"Florence Spirit,Richardson - H,Grain,Hamilton,Sorel",Florence Spirit,Richardson,Grain,COA,Hamilton,,,Sorel,,,,Hamilton__-Sorel___,Florence Spirit*Richardson*Grain*Hamilton__-Sorel___,"Florence Spirit,Richardson - H,Grain,Hamilton,Sorel",12.65,0,0,0,1169.3,-584.65,3417.1514999999995,13.08,0,0,0,1209.06,-604.53,,3533.3346509999997,0.75,Tonnage-based,1.9466666666666743,0,Simple - Price difference per litre * metric tonnes * tonnage carried,,,YES,158163.2292,0.0,0.0,158163.2292,20240428061800,20240502135000,20240428061800.20240502135000,20240428061800.20240502135000
Florence Spirit,6.0,8,COMPLETE,Arcelor,May,5.52,5.52,2024-05-02 13:50:00,2024-05-08 02:21:00.000,1,1,"Arcelor,Coke,Sandusky,Hamilton",Coke,7492.821932700001,7492.821932700001,"Florence Spirit,Arcelor,Coke,Sandusky,Hamilton",Florence Spirit,Arcelor,Coke,COA,Sandusky,,,Hamilton,,,,Sandusky__-Hamilton___,Florence Spirit*Arcelor*Coke*Sandusky__-Hamilton___,"Florence Spirit,Arcelor,Coke,Sandusky,Hamilton",20.55,0,0.2,0,1007,-503.5,20535,21.06,0,0.2,0,1032,-516,,21233.190000000002,0.85,Tonnage-based,4,0,Simple - Price difference per litre * metric tonnes * tonnage carried,Actual Fuel Price for last fueling,,YES,157798.829902662,1498.5643865400002,0.0,156300.265516122,20240502135000,20240508022100,20240502135000.20240508022100,20240502135000.20240508022100
Florence Spirit,7.0,9,COMPLETE,Arcelor,May,4.81,4.81,2024-05-08 02:21:00,2024-05-12 21:54:00.000,1,1,"Arcelor,Coke,Detroit,Hamilton",Coke,8156.3007543,8156.3007543,"Florence Spirit,Arcelor,Coke,Detroit,Hamilton",Florence Spirit,Arcelor,Coke,COA,Detroit,,,Hamilton,,,,Detroit__-Hamilton___,Florence Spirit*Arcelor*Coke*Detroit__-Hamilton___,"Florence Spirit,Arcelor,Coke,Detroit,Hamilton",20.55,0,0.2,0,1007,-503.5,20535,21.06,0,0.2,0,1032,-516,,21233.190000000002,0.85,Tonnage-based,4,0,Simple - Price difference per litre * metric tonnes * tonnage carried,Actual Fuel Price for last fueling,,YES,171771.693885558,1631.26015086,0.0,170140.433734698,20240508022100,20240512215400,20240508022100.20240512215400,20240508022100.20240512215400
Florence Spirit,8.0,10,COMPLETE,ADM,May,4.72,4.72,2024-05-12 21:54:00,2024-05-17 15:09:00.000,1,1,"ADM,Grain,Toledo,Windsor",Grain,10107.92,10107.92,"Florence Spirit,ADM,Grain,Toledo,Windsor",Florence Spirit,ADM,Grain,,Toledo,,,Windsor,,,,Toledo__-Windsor___,Florence Spirit*ADM*Grain*Toledo__-Windsor___,"Florence Spirit,ADM,Grain,Toledo,Windsor",8.96,0,0,0,1080,-540,0,9.45,0,0,0,720,-360,,4728.470000000001,0,,0,0,,,,YES,95519.844,0.0,0.0,95519.844,20240512215400,20240517150900,20240512215400.20240517150900,20240512215400.20240517150900
Florence Spirit,9.0,11,COMPLETE,Arcelor,May,3.38,3.38,2024-05-17 15:09:00,2024-05-21 00:13:00.000,1,1,"Arcelor,Coke,Detroit,Hamilton",Coke,8103.484443599999,8103.484443599999,"Florence Spirit,Arcelor,Coke,Detroit,Hamilton",Florence Spirit,Arcelor,Coke,COA,Detroit,,,Hamilton,,,,Detroit__-Hamilton___,Florence Spirit*Arcelor*Coke*Detroit__-Hamilton___,"Florence Spirit,Arcelor,Coke,Detroit,Hamilton",20.55,0,0.2,0,1007,-503.5,20535,21.06,0,0.2,0,1032,-516,,21233.190000000002,0.85,Tonnage-based,4,0,Simple - Price difference per litre * metric tonnes * tonnage carried,Actual Fuel Price for last fueling,,YES,170659.382382216,1620.69688872,0.0,169038.68549349598,20240517150900,20240521001300,20240517150900.20240521001300,20240517150900.20240521001300
Florence Spirit,11.0,13,COMPLETE,Arcelor,Jun,3.92,3.92,2024-06-01 20:02:00,2024-06-05 18:00:00.000,1,1,"Arcelor,Coke,Detroit,Hamilton",Coke,7456.434742349999,7456.434742349999,"Florence Spirit,Arcelor,Coke,Detroit,Hamilton",Florence Spirit,Arcelor,Coke,COA,Detroit,,,Hamilton,,,,Detroit__-Hamilton___,Florence Spirit*Arcelor*Coke*Detroit__-Hamilton___,"Florence Spirit,Arcelor,Coke,Detroit,Hamilton",20.55,0,0.2,0,1007,-503.5,20535,21.06,0,0.2,0,1032,-516,,21233.190000000002,0.85,Tonnage-based,4,0,Simple - Price difference per litre * metric tonnes * tonnage carried,Actual Fuel Price for last fueling,,YES,157032.51567389097,1491.28694847,0.0,155541.22872542098,20240601200200,20240605180000,20240601200200.20240605180000,20240601200200.20240605180000
Florence Spirit,12.0,14,COMPLETE,Richardson - T,Jun,9.96,9.96,2024-06-05 18:00:00,2024-06-15 17:07:00.000,1,1,"Richardson - T,Grain,Thunder Bay,Sorel",Grain,12182.44,12182.44,"Florence Spirit,Richardson - T,Grain,Thunder Bay,Sorel",Florence Spirit,Richardson,Grain,COA,Thunder Bay,,,Sorel,,,,Thunder Bay__-Sorel___,Florence Spirit*Richardson*Grain*Thunder Bay__-Sorel___,"Florence Spirit,Richardson - T,Grain,Thunder Bay,Sorel",,,,,,,,24.19,0,0,0,1209.06,-604.53,,8500,0.75,Tonnage-based,1.9466666666666743,0,Simple - Price difference per litre * metric tonnes * tonnage carried,,,YES,294693.2236,0.0,0.0,294693.2236,20240605180000,20240615170700,20240605180000.20240615170700,20240605180000.20240615170700
Florence Spirit,13.0,15,COMPLETE,Gibson,Jun,8.13,8.13,2024-06-15 17:07:00,2024-06-23 20:21:00.000,1,1,"Gibson,Pig Iron,Sorel,Chicago",Pig Iron,5003.14,5003.14,"Florence Spirit,Gibson,Pig Iron,Sorel,Chicago",Florence Spirit,Gibson (RTA),Pig Iron,Spot,Sorel,,,Chicago,,,,Sorel__-Chicago___,Florence Spirit*Gibson (RTA)*Pig Iron*Sorel__-Chicago___,"Florence Spirit,Gibson,Pig Iron,Sorel,Chicago",,,,,,,,84.03750000000001,0,0,0,900.0045,0,,120000,0,,0,0,,,,YES,420451.37775000004,0.0,0.0,420451.37775000004,20240615170700,20240623202100,20240615170700.20240623202100,20240615170700.20240623202100
Florence Spirit,14.0,16,COMPLETE,Arcelor,Jun,6.81,6.81,2024-06-23 20:21:00,2024-06-30 15:45:00.000,1,1,"Arcelor,Coke,Detroit,Hamilton",Coke,8030.22925485,8030.22925485,"Florence Spirit,Arcelor,Coke,Detroit,Hamilton",Florence Spirit,Arcelor,Coke,COA,Detroit,,,Hamilton,,,,Detroit__-Hamilton___,Florence Spirit*Arcelor*Coke*Detroit__-Hamilton___,"Florence Spirit,Arcelor,Coke,Detroit,Hamilton",20.55,0,0.2,0,1007,-503.5,20535,21.06,0,0.2,0,1032,-516,,21233.190000000002,0.85,Tonnage-based,4,0,Simple - Price difference per litre * metric tonnes * tonnage carried,Actual Fuel Price for last fueling,,YES,169116.62810714098,1606.0458509700002,0.0,167510.58225617098,20240623202100,20240630154500,20240623202100.20240630154500,20240623202100.20240630154500
Florence Spirit,15.0,17,COMPLETE,ADM,Jul,8.94,9.28,2024-06-30 15:45:00,2024-07-09 22:30:00.000,1,1,"ADM,Grain,Thunder Bay,Windsor",Grain,11000.0,11000.0,"Florence Spirit,ADM,Grain,Thunder Bay,Windsor",Florence Spirit,ADM,Grain,COA,Thunder Bay,,,Windsor,,,,Thunder Bay__-Windsor___,Florence Spirit*ADM*Grain*Thunder Bay__-Windsor___,"Florence Spirit,ADM,Grain,Thunder Bay,Windsor",14.35,0,0,0,1080,-540,10004,15.77,0,0,0,1187.07,-593.54,,10344.136,0.5,Tonnage-based,4.8,0,Simple - Price difference per litre * metric tonnes * tonnage carried,Econo Fuel Price on date of loading in Hamilton,,YES,173470.0,0.0,0.0,173470.0,20240630154500,20240709223000,20240630154500.20240709223000,20240630154500.20240709223000
Florence Spirit,16.0,18,COMPLETE,Arcelor,Jul,4.44,4.44,2024-07-09 22:30:00,2024-07-14 09:00:00.000,1,1,"Arcelor,Coke,Detroit,Hamilton",Coke,8232.8490246,8232.8490246,"Florence Spirit,Arcelor,Coke,Detroit,Hamilton",Florence Spirit,Arcelor,Coke,COA,Detroit,,,Hamilton,,,,Detroit__-Hamilton___,Florence Spirit*Arcelor*Coke*Detroit__-Hamilton___,"Florence Spirit,Arcelor,Coke,Detroit,Hamilton",20.55,0,0.2,0,1007,-503.5,20535,21.06,0,0.2,0,1032,-516,,21233.190000000002,0.85,Tonnage-based,4,0,Simple - Price difference per litre * metric tonnes * tonnage carried,Actual Fuel Price for last fueling,,YES,173383.800458076,1646.56980492,0.0,171737.230653156,20240709223000,20240714090000,20240709223000.20240714090000,20240709223000.20240714090000
Florence Spirit,17.0,19,CURRENT,P&H,Jul,7.32,7.32,2024-07-14 09:00:00,2024-07-21 16:41:19.683,1,2,"P&H,Grain,Port Colborne,Port Colborne,Port Cartier",Grain,9500.0,12000.0,"Florence Spirit,P&H,Grain,Port Colborne,Port Colborne,Port Cartier",Florence Spirit,P&H,Grain,,Port Colborne,Port Colborne,,Port Cartier,,,,Port Colborne_Port Colborne_-Port Cartier___,Florence Spirit*P&H*Grain*Port Colborne_Port Colborne_-Port Cartier___,"Florence Spirit,P&H,Grain,Port Colborne,Port Colborne,Port Cartier",22.75,0,0,0,1200,-600,24000,23.1,0,0,0,1250,-625,,24000,1,Tonnage-based,4.2,0,,,,YES,277200.0,0.0,0.0,277200.0,20240714090000,20240721164119,20240714090000.20240721164119,20240714090000.20240721164119
Florence Spirit,35.0,1,COMPLETE,Arcelor,Mar,5.14,5.14,2024-03-20 00:04:00,2024-03-25 03:20:00.000,1,1,"Arcelor,Coke,Detroit,Hamilton",Coke,8186.845673250001,8186.845673250001,"Florence Spirit,Arcelor,Coke,Detroit,Hamilton",Florence Spirit,Arcelor,Coke,COA,Detroit,,,Hamilton,,,,Detroit__-Hamilton___,Florence Spirit*Arcelor*Coke*Detroit__-Hamilton___,"Florence Spirit,Arcelor,Coke,Detroit,Hamilton",20.55,0,0.2,0,1007,-503.5,20535,21.06,0,0.2,0,1032,-516,,21233.190000000002,0.85,Tonnage-based,4,0,Simple - Price difference per litre * metric tonnes * tonnage carried,Actual Fuel Price for last fueling,,YES,172414.969878645,1637.3691346500002,0.0,170777.600743995,20240320000400,20240325032000,20240320000400.20240325032000,20240320000400.20240325032000
Florence Spirit,36.0,2,COMPLETE,Richardson - H,Mar,4.66,4.66,2024-03-25 03:20:00,2024-03-29 19:10:00.000,1,1,"Richardson - H,Grain,Hamilton,Sorel",Grain,11913.32,11913.32,"Florence Spirit,Richardson - H,Grain,Hamilton,Sorel",Florence Spirit,Richardson,Grain,COA,Hamilton,,,Sorel,,,,Hamilton__-Sorel___,Florence Spirit*Richardson*Grain*Hamilton__-Sorel___,"Florence Spirit,Richardson - H,Grain,Hamilton,Sorel",12.65,0,0,0,1169.3,-584.65,3417.1514999999995,13.08,0,0,0,1209.06,-604.53,,3533.3346509999997,0.75,Tonnage-based,1.9466666666666743,0,Simple - Price difference per litre * metric tonnes * tonnage carried,,,YES,155826.2256,0.0,0.0,155826.2256,20240325032000,20240329191000,20240325032000.20240329191000,20240325032000.20240329191000
Harvest Spirit,1.0,2,COMPLETE,ADM,Apr,6.03,8.96,2024-03-29 01:36:00,2024-04-07 00:38:00.000,1,1,"ADM,Grain,Thunder Bay,Windsor",Grain,14115.47,14115.47,"Harvest Spirit,ADM,Grain,Thunder Bay,Windsor",Harvest Spirit,ADM,Grain,COA,Thunder Bay,,,Windsor,,,,Thunder Bay__-Windsor___,Harvest Spirit*ADM*Grain*Thunder Bay__-Windsor___,"Harvest Spirit,ADM,Grain,Thunder Bay,Windsor",14.35,0,0,0,1080,-540,1248,15.77,0,0,0,1187.07,-593.54,,1290.432,0.5,Tonnage-based,4.8,0,Simple - Price difference per litre * metric tonnes * tonnage carried,Econo Fuel Price on date of loading in Hamilton,,YES,222600.9619,0.0,0.0,222600.9619,20240329013600,20240407003800,20240329013600.20240407003800,20240329013600.20240407003800
Harvest Spirit,2.0,3,COMPLETE,Arcelor,Apr,4.5,4.5,2024-04-07 00:38:00,2024-04-11 12:45:00.000,1,1,"Arcelor,Coke,Detroit,Hamilton",Coke,9909.40855125,9909.40855125,"Harvest Spirit,Arcelor,Coke,Detroit,Hamilton",Harvest Spirit,Arcelor,Coke,COA,Detroit,,,Hamilton,,,,Detroit__-Hamilton___,Harvest Spirit*Arcelor*Coke*Detroit__-Hamilton___,"Harvest Spirit,Arcelor,Coke,Detroit,Hamilton",20.55,0,0.2,0,1007,-503.5,20453,21.06,0,0.2,0,1032,-516,,21148.402000000002,0.85,Tonnage-based,4,0,Simple - Price difference per litre * metric tonnes * tonnage carried,Actual Fuel Price for last fueling,,YES,208692.144089325,1981.8817102500002,0.0,206710.26237907502,20240407003800,20240411124500,20240407003800.20240411124500,20240407003800.20240411124500
Harvest Spirit,3.0,4,COMPLETE,ADM,Apr,8.93,8.93,2024-04-11 12:45:00,2024-04-20 10:57:00.000,1,2,"ADM,Grain,Thunder Bay,Thunder Bay,Windsor",Grain,3989.74,14093.5,"Harvest Spirit,ADM,Grain,Thunder Bay,Thunder Bay,Windsor",Harvest Spirit,ADM,Grain,COA,Thunder Bay,Thunder Bay,,Windsor,,,,Thunder Bay_Thunder Bay_-Windsor___,Harvest Spirit*ADM*Grain*Thunder Bay_Thunder Bay_-Windsor___,"Harvest Spirit,ADM,Grain,Thunder Bay,Thunder Bay,Windsor",14.35,0,0,0,1080,-540,1248,14.72,0,0,0,1187.07,-593.54,,1290.432,0.5,Tonnage-based,4.8,0,Simple - Price difference per litre * metric tonnes * tonnage carried,Econo Fuel Price on date of loading in Hamilton,,YES,207456.32,0.0,0.0,207456.32,20240411124500,20240420105700,20240411124500.20240420105700,20240411124500.20240420105700
Harvest Spirit,4.0,5,COMPLETE,ADM,Apr,8.51,8.51,2024-04-20 10:57:00,2024-04-28 23:16:00.000,1,2,"ADM,Grain,Thunder Bay,Thunder Bay,Windsor",Grain,7051.84,14683.51,"Harvest Spirit,ADM,Grain,Thunder Bay,Thunder Bay,Windsor",Harvest Spirit,ADM,Grain,COA,Thunder Bay,Thunder Bay,,Windsor,,,,Thunder Bay_Thunder Bay_-Windsor___,Harvest Spirit*ADM*Grain*Thunder Bay_Thunder Bay_-Windsor___,"Harvest Spirit,ADM,Grain,Thunder Bay,Thunder Bay,Windsor",14.35,0,0,0,1080,-540,1248,14.72,0,0,0,1187.07,-593.54,,1290.432,0.5,Tonnage-based,4.8,0,Simple - Price difference per litre * metric tonnes * tonnage carried,Econo Fuel Price on date of loading in Hamilton,,YES,216141.2672,0.0,0.0,216141.2672,20240420105700,20240428231600,20240420105700.20240428231600,20240420105700.20240428231600
Harvest Spirit,5.0,6,COMPLETE,ADM,May,5.24,7.27,2024-04-28 23:16:00,2024-05-06 05:48:00.000,1,1,"ADM,Grain,Thunder Bay,Windsor",Grain,14075.25,14075.25,"Harvest Spirit,ADM,Grain,Thunder Bay,Windsor",Harvest Spirit,ADM,Grain,COA,Thunder Bay,,,Windsor,,,,Thunder Bay__-Windsor___,Harvest Spirit*ADM*Grain*Thunder Bay__-Windsor___,"Harvest Spirit,ADM,Grain,Thunder Bay,Windsor",14.35,0,0,0,1080,-540,1248,15.77,0,0,0,1187.07,-593.54,,1290.432,0.5,Tonnage-based,4.8,0,Simple - Price difference per litre * metric tonnes * tonnage carried,Econo Fuel Price on date of loading in Hamilton,,YES,221966.6925,0.0,0.0,221966.6925,20240428231600,20240506054800,20240428231600.20240506054800,20240428231600.20240506054800
Harvest Spirit,6.0,7,COMPLETE,ADM,May,7.68,7.68,2024-05-06 05:48:00,2024-05-13 22:10:00.000,1,2,"ADM,Grain,Thunder Bay,Thunder Bay,Windsor",Grain,10341.1,14093.57,"Harvest Spirit,ADM,Grain,Thunder Bay,Thunder Bay,Windsor",Harvest Spirit,ADM,Grain,COA,Thunder Bay,Thunder Bay,,Windsor,,,,Thunder Bay_Thunder Bay_-Windsor___,Harvest Spirit*ADM*Grain*Thunder Bay_Thunder Bay_-Windsor___,"Harvest Spirit,ADM,Grain,Thunder Bay,Thunder Bay,Windsor",14.35,0,0,0,1080,-540,1248,14.72,0,0,0,1187.07,-593.54,,1290.432,0.5,Tonnage-based,4.8,0,Simple - Price difference per litre * metric tonnes * tonnage carried,Econo Fuel Price on date of loading in Hamilton,,YES,207457.3504,0.0,0.0,207457.3504,20240506054800,20240513221000,20240506054800.20240513221000,20240506054800.20240513221000
Harvest Spirit,7.0,8,COMPLETE,ADM,May,6.94,6.94,2024-05-13 22:10:00,2024-05-20 20:45:00.000,1,1,"ADM,Grain,Thunder Bay,Windsor",Grain,14054.16,14054.16,"Harvest Spirit,ADM,Grain,Thunder Bay,Windsor",Harvest Spirit,ADM,Grain,COA,Thunder Bay,,,Windsor,,,,Thunder Bay__-Windsor___,Harvest Spirit*ADM*Grain*Thunder Bay__-Windsor___,"Harvest Spirit,ADM,Grain,Thunder Bay,Windsor",14.35,0,0,0,1080,-540,1248,15.77,0,0,0,1187.07,-593.54,,1290.432,0.5,Tonnage-based,4.8,0,Simple - Price difference per litre * metric tonnes * tonnage carried,Econo Fuel Price on date of loading in Hamilton,,YES,221634.10319999998,0.0,0.0,221634.10319999998,20240513221000,20240520204500,20240513221000.20240520204500,20240513221000.20240520204500
Harvest Spirit,8.0,9,COMPLETE,G3,May,9.12,9.12,2024-05-20 20:45:00,2024-05-29 23:42:00.000,1,1,"G3,Grain,Thunder Bay,Quebec",Grain,16436.0,16436.0,"Harvest Spirit,G3,Grain,Thunder Bay,Quebec",Harvest Spirit,G3,Grain,COA,Thunder Bay,,,Quebec,,,,Thunder Bay__-Quebec___,Harvest Spirit*G3*Grain*Thunder Bay__-Quebec___,"Harvest Spirit,G3,Grain,Thunder Bay,Quebec",,,,,,,,31.56,0,0,0,1220,-610,,51778.62,0.75,Tonnage-based,7.8,0,Simple - Price difference per litre * metric tonnes * tonnage carried,,,YES,518720.16,0.0,0.0,518720.16,20240520204500,20240529234200,20240520204500.20240529234200,20240520204500.20240529234200
Harvest Spirit,9.0,10,COMPLETE,Sucro,Jun,4.74,6.75,2024-05-29 23:42:00,2024-06-05 17:44:00.000,1,1,"Sucro,Sugar,Montreal,Hamilton",Sugar,12029.0,12029.0,"Harvest Spirit,Sucro,Sugar,Montreal,Hamilton",Harvest Spirit,Sucro,Sugar,Spot,Montreal,,,Hamilton,,,,Montreal__-Hamilton___,Harvest Spirit*Sucro*Sugar*Montreal__-Hamilton___,"Harvest Spirit,Sucro,Sugar,Montreal,Hamilton",,,,,,,,20,0,0,0,1360,-680,,38000,1,Tonnage-based,3.2,0,,,,YES,240580.0,0.0,0.0,240580.0,20240529234200,20240605174400,20240529234200.20240605174400,20240529234200.20240605174400
Harvest Spirit,10.0,11,COMPLETE,ADM,Jun,9.05,9.05,2024-06-05 17:44:00,2024-06-14 19:03:00.000,1,2,"ADM,Grain,Thunder Bay,Thunder Bay,Windsor",Grain,3725.0,14164.67,"Harvest Spirit,ADM,Grain,Thunder Bay,Thunder Bay,Windsor",Harvest Spirit,ADM,Grain,COA,Thunder Bay,Thunder Bay,,Windsor,,,,Thunder Bay_Thunder Bay_-Windsor___,Harvest Spirit*ADM*Grain*Thunder Bay_Thunder Bay_-Windsor___,"Harvest Spirit,ADM,Grain,Thunder Bay,Thunder Bay,Windsor",14.35,0,0,0,1080,-540,1248,14.72,0,0,0,1187.07,-593.54,,1290.432,0.5,Tonnage-based,4.8,0,Simple - Price difference per litre * metric tonnes * tonnage carried,Econo Fuel Price on date of loading in Hamilton,,YES,208503.9424,0.0,0.0,208503.9424,20240605174400,20240614190300,20240605174400.20240614190300,20240605174400.20240614190300
Harvest Spirit,11.0,12,COMPLETE,ADM,Jun,7.39,7.39,2024-06-14 19:03:00,2024-06-22 04:27:00.000,1,2,"ADM,Grain,Thunder Bay,Thunder Bay,Windsor",Grain,7323.44,14125.16,"Harvest Spirit,ADM,Grain,Thunder Bay,Thunder Bay,Windsor",Harvest Spirit,ADM,Grain,COA,Thunder Bay,Thunder Bay,,Windsor,,,,Thunder Bay_Thunder Bay_-Windsor___,Harvest Spirit*ADM*Grain*Thunder Bay_Thunder Bay_-Windsor___,"Harvest Spirit,ADM,Grain,Thunder Bay,Thunder Bay,Windsor",14.35,0,0,0,1080,-540,1248,14.72,0,0,0,1187.07,-593.54,,1290.432,0.5,Tonnage-based,4.8,0,Simple - Price difference per litre * metric tonnes * tonnage carried,Econo Fuel Price on date of loading in Hamilton,,YES,207922.35520000002,0.0,0.0,207922.35520000002,20240614190300,20240622042700,20240614190300.20240622042700,20240614190300.20240622042700
Harvest Spirit,12.0,13,COMPLETE,Arcelor,Jun,5.08,5.08,2024-06-22 04:27:00,2024-06-27 06:27:00.000,1,1,"Arcelor,Coke,Sandusky,Hamilton",Coke,8762.971651200001,8762.971651200001,"Harvest Spirit,Arcelor,Coke,Sandusky,Hamilton",Harvest Spirit,Arcelor,Coke,COA,Sandusky,,,Hamilton,,,,Sandusky__-Hamilton___,Harvest Spirit*Arcelor*Coke*Sandusky__-Hamilton___,"Harvest Spirit,Arcelor,Coke,Sandusky,Hamilton",,,,,,,20453,21.06,0,0.2,0,1032,-516,,21148.402000000002,0.85,Tonnage-based,4,0,Simple - Price difference per litre * metric tonnes * tonnage carried,Actual Fuel Price from Fuel Invoice,,YES,184548.18297427203,1752.5943302400003,0.0,182795.58864403202,20240622042700,20240627062700,20240622042700.20240627062700,20240622042700.20240627062700
Harvest Spirit,13.0,14,COMPLETE,ADM,Jul,5.91,9.64,2024-06-27 06:27:00,2024-07-06 21:54:00.000,1,2,"ADM,Grain,Thunder Bay,Thunder Bay,Windsor",Grain,7654.58,15309.16,"Harvest Spirit,ADM,Grain,Thunder Bay,Thunder Bay,Windsor",Harvest Spirit,ADM,Grain,COA,Thunder Bay,Thunder Bay,,Windsor,,,,Thunder Bay_Thunder Bay_-Windsor___,Harvest Spirit*ADM*Grain*Thunder Bay_Thunder Bay_-Windsor___,"Harvest Spirit,ADM,Grain,Thunder Bay,Thunder Bay,Windsor",14.35,0,0,0,1080,-540,1248,14.72,0,0,0,1187.07,-593.54,,1290.432,0.5,Tonnage-based,4.8,0,Simple - Price difference per litre * metric tonnes * tonnage carried,Econo Fuel Price on date of loading in Hamilton,,YES,225350.8352,0.0,0.0,225350.8352,20240627062700,20240706215400,20240627062700.20240706215400,20240627062700.20240706215400
Harvest Spirit,14.0,15,COMPLETE,ADM,Jul,8.28,8.28,2024-07-06 21:54:00,2024-07-15 04:40:00.000,1,1,"ADM,Grain,Thunder Bay,Windsor",Grain,14578.26,14578.26,"Harvest Spirit,ADM,Grain,Thunder Bay,Windsor",Harvest Spirit,ADM,Grain,COA,Thunder Bay,,,Windsor,,,,Thunder Bay__-Windsor___,Harvest Spirit*ADM*Grain*Thunder Bay__-Windsor___,"Harvest Spirit,ADM,Grain,Thunder Bay,Windsor",14.35,0,0,0,1080,-540,1248,15.77,0,0,0,1187.07,-593.54,,1290.432,0.5,Tonnage-based,4.8,0,Simple - Price difference per litre * metric tonnes * tonnage carried,Econo Fuel Price on date of loading in Hamilton,,YES,229899.16019999998,0.0,0.0,229899.16019999998,20240706215400,20240715044000,20240706215400.20240715044000,20240706215400.20240715044000
Harvest Spirit,15.0,16,CURRENT,Arcelor,Jul,3.06,3.06,2024-07-15 04:40:00,2024-07-18 06:00:00.000,1,1,"Arcelor,Coke,Sandusky,Hamilton",Coke,8436.8205,8436.8205,"Harvest Spirit,Arcelor,Coke,Sandusky,Hamilton",Harvest Spirit,Arcelor,Coke,COA,Sandusky,,,Hamilton,,,,Sandusky__-Hamilton___,Harvest Spirit*Arcelor*Coke*Sandusky__-Hamilton___,"Harvest Spirit,Arcelor,Coke,Sandusky,Hamilton",,,,,,,20453,21.06,0,0.2,0,1032,-516,,21148.402000000002,0.85,Tonnage-based,4,0,Simple - Price difference per litre * metric tonnes * tonnage carried,Actual Fuel Price from Fuel Invoice,,YES,177679.43972999998,1687.3641,0.0,175992.07562999998,20240715044000,20240718060000,20240715044000.20240718060000,20240715044000.20240718060000
Harvest Spirit,40.0,1,COMPLETE,ADM,Mar,7.53,7.53,2024-03-21 12:51:00,2024-03-29 01:36:00.000,1,1,"ADM,Grain,Thunder Bay,Windsor",Grain,14701.09,14701.09,"Harvest Spirit,ADM,Grain,Thunder Bay,Windsor",Harvest Spirit,ADM,Grain,COA,Thunder Bay,,,Windsor,,,,Thunder Bay__-Windsor___,Harvest Spirit*ADM*Grain*Thunder Bay__-Windsor___,"Harvest Spirit,ADM,Grain,Thunder Bay,Windsor",14.35,0,0,0,1080,-540,1248,15.77,0,0,0,1187.07,-593.54,,1290.432,0.5,Tonnage-based,4.8,0,Simple - Price difference per litre * metric tonnes * tonnage carried,Econo Fuel Price on date of loading in Hamilton,,YES,231836.1893,0.0,0.0,231836.1893,20240321125100,20240329013600,20240321125100.20240329013600,20240321125100.20240329013600
Huron Spirit,1.0,2,COMPLETE,Algoma Steel D,Apr,7.07,7.07,2024-04-04 10:05:00,2024-04-11 11:48:00.000,2,1,"Algoma Steel D,Steel,Sault Ste Marie,Detroit,Toledo",Steel,10993.3,10993.3,"Huron Spirit,Algoma Steel D,Steel,Sault Ste Marie,Detroit,Toledo",Huron Spirit,Algoma Steel,Steel,COA,Sault Ste. Marie,,,Detroit,Toledo,,,Sault Ste. Marie__-Detroit_Toledo__,Huron Spirit*Algoma Steel*Steel*Sault Ste. Marie__-Detroit_Toledo__,"Huron Spirit,Algoma Steel D,Steel,Sault Ste Marie,Detroit,Toledo",14.34,,0.15,5930.4,661.88,-681.07,1000,14.76,0,0.13143999322356567,6102.38,681.07,-681.07,,1000,0.75,Tonnage-based,7.380000000000001,0,*Fuel surcharge/rebate more complicated - Refer to worksheet (Depends on tonnage & rate & precentage),,,YES,162261.10799999998,1444.9592775046244,0.0,160816.14872249536,20240404100500,20240411114800,20240404100500.20240411114800,20240404100500.20240411114800
Huron Spirit,2.0,3,COMPLETE,Algoma Steel C,Apr,14.09,14.09,2024-04-11 11:48:00,2024-04-25 14:00:00.000,2,1,"Algoma Steel C,Steel,Sault Ste Marie,Chicago,Burns Harbor",Steel,9221.172651,9221.172651,"Huron Spirit,Algoma Steel C,Steel,Sault Ste Marie,Chicago,Burns Harbor",Huron Spirit,Algoma Steel,Steel,COA,Sault Ste. Marie,,,Chicago,Burns Harbor,,,Sault Ste. Marie__-Chicago_Burns Harbor__,Huron Spirit*Algoma Steel*Steel*Sault Ste. Marie__-Chicago_Burns Harbor__,"Huron Spirit,Algoma Steel C,Steel,Sault Ste Marie,Chicago,Burns Harbor",17.13,0,0.15,5930.4,661.88,-681.07,157,17.63,0,0.13143999322356567,6102.38,681.07,-681.07,,164.24,0.75,Tonnage-based,8.815,0,*Fuel surcharge/rebate more complicated - Refer to worksheet (Depends on tonnage & rate & precentage),,,YES,162569.27383713,1212.0308707607692,0.0,161357.24296636923,20240411114800,20240425140000,20240411114800.20240425140000,20240411114800.20240425140000
Huron Spirit,3.0,4,COMPLETE,Algoma Steel D,May,2.72,8.14,2024-04-25 14:00:00,2024-05-03 17:20:00.000,3,1,"Algoma Steel D,Steel,Sault Ste Marie,Detroit,Toledo,Cleveland",Steel,9860.465920499999,9860.465920499999,"Huron Spirit,Algoma Steel D,Steel,Sault Ste Marie,Detroit,Toledo,Cleveland",Huron Spirit,Algoma Steel,Steel,COA,Sault Ste. Marie,,,Detroit,Toledo,Cleveland,,Sault Ste. Marie__-Detroit_Toledo_Cleveland_,Huron Spirit*Algoma Steel*Steel*Sault Ste. Marie__-Detroit_Toledo_Cleveland_,"Huron Spirit,Algoma Steel D,Steel,Sault Ste Marie,Detroit,Toledo,Cleveland",16.44,0,0.15,11860.8,661.88,-681.07,1030.83,16.92,0,0.13143999322356567,12204.76,681.07,-681.07,,1065.87822,0.75,Tonnage-based,8.46,0,*Fuel surcharge/rebate more complicated - Refer to worksheet (Depends on tonnage & rate & precentage),,,YES,166839.08337486,1296.0595737717201,0.0,165543.02380108827,20240425140000,20240503172000,20240425140000.20240503172000,20240425140000.20240503172000
Huron Spirit,4.0,5,COMPLETE,Algoma Steel C,May,9.01,9.01,2024-05-03 17:20:00,2024-05-12 17:35:00.000,2,1,"Algoma Steel C,Steel,Sault Ste Marie,Chicago,Burns Harbor",Steel,9508.6595775,9508.6595775,"Huron Spirit,Algoma Steel C,Steel,Sault Ste Marie,Chicago,Burns Harbor",Huron Spirit,Algoma Steel,Steel,COA,Sault Ste. Marie,,,Chicago,Burns Harbor,,,Sault Ste. Marie__-Chicago_Burns Harbor__,Huron Spirit*Algoma Steel*Steel*Sault Ste. Marie__-Chicago_Burns Harbor__,"Huron Spirit,Algoma Steel C,Steel,Sault Ste Marie,Chicago,Burns Harbor",17.13,0,0.15,5930.4,661.88,-681.07,157,17.63,0,0.13143999322356567,6102.38,681.07,-681.07,,164.24,0.75,Tonnage-based,8.815,0,*Fuel surcharge/rebate more complicated - Refer to worksheet (Depends on tonnage & rate & precentage),,,YES,167637.668351325,1249.818150431793,0.0,166387.8502008932,20240503172000,20240512173500,20240503172000.20240512173500,20240503172000.20240512173500
Huron Spirit,5.0,6,COMPLETE,Fishers Company,May,4.91,4.91,2024-05-12 17:35:00,2024-05-17 15:30:00.000,1,1,"Fishers Company,Aggregate,Sault Ste Marie,Bay City",Aggregate,9964.338603,9964.338603,"Huron Spirit,Fishers Company,Aggregate,Sault Ste Marie,Bay City",Huron Spirit,Bay Aggregates,Aggregates,COA,Sault Ste. Marie,,,Bay City,,,,Sault Ste. Marie__-Bay City___,Huron Spirit*Bay Aggregates*Aggregates*Sault Ste. Marie__-Bay City___,"Huron Spirit,Fishers Company,Aggregate,Sault Ste Marie,Bay City",11.69,0,0,0,850.5,-440.13375,157.25,12.096000000000002,0,0,0,880.2675,-440.1405,,162.5965,0.77,Tonnage-based,2.3,0,Simple - Price difference per litre * metric tonnes * tonnage carried,Actual cost,,YES,120528.63974188802,0.0,0.0,120528.63974188802,20240512173500,20240517153000,20240512173500.20240517153000,20240512173500.20240517153000
Huron Spirit,6.0,7,COMPLETE,Pollard,May,3.86,3.86,2024-05-17 15:30:00,2024-05-21 12:05:00.000,1,1,"Pollard,Calcium L,Courtright,Little Current",Calcium L,5569.0091342999995,5569.0091342999995,"Huron Spirit,Pollard,Calcium L,Courtright,Little Current",Huron Spirit,Trillium,Calcium,COA,Courtright,,,Little Current,,,,Courtright__-Little Current___,Huron Spirit*Trillium*Calcium*Courtright__-Little Current___,"Huron Spirit,Pollard,Calcium L,Courtright,Little Current",21.87,0,0.9165,0,793.1,0,157.25,22.53,0,0.9165,0,816.89,0,,162.5965,0.8,Litres-based,0,15000,Simple - litres * price diff,Econo - Windsor rate but use Hamilton,,YES,125469.77579577899,5103.9968715859495,0.0,120365.77892419304,20240517153000,20240521120500,20240517153000.20240521120500,20240517153000.20240521120500
Huron Spirit,7.0,8,COMPLETE,Algoma Steel D,May,4.16,4.16,2024-05-21 12:05:00,2024-05-25 16:00:00.000,1,1,"Algoma Steel D,Steel,Sault Ste Marie,Detroit",Steel,9783.3551955,9783.3551955,"Huron Spirit,Algoma Steel D,Steel,Sault Ste Marie,Detroit",Huron Spirit,Algoma Steel,Steel,COA,Sault Ste. Marie,,,Detroit,,,,Sault Ste. Marie__-Detroit___,Huron Spirit*Algoma Steel*Steel*Sault Ste. Marie__-Detroit___,"Huron Spirit,Algoma Steel D,Steel,Sault Ste Marie,Detroit",,,,,,,,13.73,0,0.13143999322356567,0,681.07,-681.07,,164.24,0.75,Tonnage-based,6.865,0,*Fuel surcharge/rebate more complicated - Refer to worksheet (Depends on tonnage & rate & precentage),,,YES,134325.466834215,1285.9241406002561,0.0,133039.54269361476,20240521120500,20240525160000,20240521120500.20240525160000,20240521120500.20240525160000
Huron Spirit,8.0,9,COMPLETE,Algoma Steel D,Jun,1.95,8.28,2024-05-25 16:00:00,2024-06-02 22:45:00.000,3,1,"Algoma Steel D,Steel,Sault Ste Marie,Detroit,Toledo,Cleveland",Steel,9106.24138335,9106.24138335,"Huron Spirit,Algoma Steel D,Steel,Sault Ste Marie,Detroit,Toledo,Cleveland",Huron Spirit,Algoma Steel,Steel,COA,Sault Ste. Marie,,,Detroit,Toledo,Cleveland,,Sault Ste. Marie__-Detroit_Toledo_Cleveland_,Huron Spirit*Algoma Steel*Steel*Sault Ste. Marie__-Detroit_Toledo_Cleveland_,"Huron Spirit,Algoma Steel D,Steel,Sault Ste Marie,Detroit,Toledo,Cleveland",16.44,0,0.15,11860.8,661.88,-681.07,1030.83,16.92,0,0.13143999322356567,12204.76,681.07,-681.07,,1065.87822,0.75,Tonnage-based,8.46,0,*Fuel surcharge/rebate more complicated - Refer to worksheet (Depends on tonnage & rate & precentage),,,YES,154077.604206282,1196.9243057196772,0.0,152880.67990056233,20240525160000,20240602224500,20240525160000.20240602224500,20240525160000.20240602224500
Huron Spirit,9.0,10,COMPLETE,Pollard,Jun,5.45,5.45,2024-06-02 22:45:00,2024-06-08 09:29:00.000,1,1,"Pollard,Calcium L,Courtright,Little Current",Calcium L,5572.70137725,5572.70137725,"Huron Spirit,Pollard,Calcium L,Courtright,Little Current",Huron Spirit,Trillium,Calcium,COA,Courtright,,,Little Current,,,,Courtright__-Little Current___,Huron Spirit*Trillium*Calcium*Courtright__-Little Current___,"Huron Spirit,Pollard,Calcium L,Courtright,Little Current",21.87,0,0.9165,0,793.1,0,157.25,22.53,0,0.9165,0,816.89,0,,162.5965,0.8,Litres-based,0,15000,Simple - litres * price diff,Econo - Windsor rate but use Hamilton,,YES,125552.96202944251,5107.380812249626,0.0,120445.58121719288,20240602224500,20240608092900,20240602224500.20240608092900,20240602224500.20240608092900
Huron Spirit,10.0,11,COMPLETE,Algoma Steel D,Jun,7.42,7.42,2024-06-08 09:29:00,2024-06-15 19:30:00.000,3,1,"Algoma Steel D,Steel,Sault Ste Marie,Detroit,Toledo,Cleveland",Steel,9663.878931000001,9663.878931000001,"Huron Spirit,Algoma Steel D,Steel,Sault Ste Marie,Detroit,Toledo,Cleveland",Huron Spirit,Algoma Steel,Steel,COA,Sault Ste. Marie,,,Detroit,Toledo,Cleveland,,Sault Ste. Marie__-Detroit_Toledo_Cleveland_,Huron Spirit*Algoma Steel*Steel*Sault Ste. Marie__-Detroit_Toledo_Cleveland_,"Huron Spirit,Algoma Steel D,Steel,Sault Ste Marie,Detroit,Toledo,Cleveland",16.44,0,0.15,11860.8,661.88,-681.07,1030.83,16.92,0,0.13143999322356567,12204.76,681.07,-681.07,,1065.87822,0.75,Tonnage-based,8.46,0,*Fuel surcharge/rebate more complicated - Refer to worksheet (Depends on tonnage & rate & precentage),,,YES,163512.83151252003,1270.2201812039991,0.0,162242.61133131603,20240608092900,20240615193000,20240608092900.20240615193000,20240608092900.20240615193000
Huron Spirit,11.0,12,COMPLETE,Fishers Company,Jun,4.92,4.92,2024-06-15 19:30:00,2024-06-20 17:35:00.000,1,1,"Fishers Company,Aggregate,Sault Ste Marie,Bay City",Aggregate,11300.0,11300.0,"Huron Spirit,Fishers Company,Aggregate,Sault Ste Marie,Bay City",Huron Spirit,Bay Aggregates,Aggregates,COA,Sault Ste. Marie,,,Bay City,,,,Sault Ste. Marie__-Bay City___,Huron Spirit*Bay Aggregates*Aggregates*Sault Ste. Marie__-Bay City___,"Huron Spirit,Fishers Company,Aggregate,Sault Ste Marie,Bay City",11.69,0,0,0,850.5,-440.13375,157.25,12.096000000000002,0,0,0,880.2675,-440.1405,,162.5965,0.77,Tonnage-based,2.3,0,Simple - Price difference per litre * metric tonnes * tonnage carried,Actual cost,,YES,136684.80000000002,0.0,0.0,136684.80000000002,20240615193000,20240620173500,20240615193000.20240620173500,20240615193000.20240620173500
Huron Spirit,12.0,13,COMPLETE,Algoma Steel D,Jun,7.79,7.79,2024-06-20 17:35:00,2024-06-28 12:31:00.000,3,1,"Algoma Steel D,Steel,Sault Ste Marie,Detroit,Toledo,Cleveland",Steel,10252.669211549999,10252.669211549999,"Huron Spirit,Algoma Steel D,Steel,Sault Ste Marie,Detroit,Toledo,Cleveland",Huron Spirit,Algoma Steel,Steel,COA,Sault Ste. Marie,,,Detroit,Toledo,Cleveland,,Sault Ste. Marie__-Detroit_Toledo_Cleveland_,Huron Spirit*Algoma Steel*Steel*Sault Ste. Marie__-Detroit_Toledo_Cleveland_,"Huron Spirit,Algoma Steel D,Steel,Sault Ste Marie,Detroit,Toledo,Cleveland",16.44,0,0.15,11860.8,661.88,-681.07,1030.83,16.92,0,0.13143999322356567,12204.76,681.07,-681.07,,1065.87822,0.75,Tonnage-based,8.46,0,*Fuel surcharge/rebate more complicated - Refer to worksheet (Depends on tonnage & rate & precentage),,,YES,173475.163059426,1347.6107716895922,0.0,172127.5522877364,20240620173500,20240628123100,20240620173500.20240628123100,20240620173500.20240628123100
Huron Spirit,13.0,14,COMPLETE,Pollard,Jul,2.25,4.73,2024-06-28 12:31:00,2024-07-03 06:00:00.000,1,1,"Pollard,Calcium L,Courtright,Little Current",Calcium L,4300.86429465,4300.86429465,"Huron Spirit,Pollard,Calcium L,Courtright,Little Current",Huron Spirit,Trillium,Calcium,COA,Courtright,,,Little Current,,,,Courtright__-Little Current___,Huron Spirit*Trillium*Calcium*Courtright__-Little Current___,"Huron Spirit,Pollard,Calcium L,Courtright,Little Current",21.87,0,0.9165,0,793.1,0,157.25,22.53,0,0.9165,0,816.89,0,,162.5965,0.8,Litres-based,0,15000,Simple - litres * price diff,Econo - Windsor rate but use Hamilton,,YES,96898.47255846452,3941.7421260467254,0.0,92956.7304324178,20240628123100,20240703060000,20240628123100.20240703060000,20240628123100.20240703060000
Huron Spirit,14.0,15,COMPLETE,Southwest M,Jul,3.03,3.03,2024-07-03 06:00:00,2024-07-06 06:50:00.000,1,1,"Southwest M,Stone,Drummond,Windsor",Stone,10552.37592,10552.37592,"Huron Spirit,Southwest M,Stone,Drummond,Windsor",Huron Spirit,SWS,Stone,,Drummond,,,Windsor,,,,Drummond__-Windsor___,Huron Spirit*SWS*Stone*Drummond__-Windsor___,"Huron Spirit,Southwest M,Stone,Drummond,Windsor",,,,,,,,6.5,0,0,0,688.42,0,,3619,0.9,Tonnage-based,1,0,Simple - Price difference per litre * metric tonnes * tonnage carried,,,YES,68590.44348,0.0,0.0,68590.44348,20240703060000,20240706065000,20240703060000.20240706065000,20240703060000.20240706065000
Huron Spirit,15.0,16,COMPLETE,Algoma Steel D,Jul,8.22,8.22,2024-07-06 06:50:00,2024-07-14 12:05:00.000,3,1,"Algoma Steel D,Steel,Sault Ste Marie,Detroit,Toledo,Cleveland",Steel,10051.065489,10051.065489,"Huron Spirit,Algoma Steel D,Steel,Sault Ste Marie,Detroit,Toledo,Cleveland",Huron Spirit,Algoma Steel,Steel,COA,Sault Ste. Marie,,,Detroit,Toledo,Cleveland,,Sault Ste. Marie__-Detroit_Toledo_Cleveland_,Huron Spirit*Algoma Steel*Steel*Sault Ste. Marie__-Detroit_Toledo_Cleveland_,"Huron Spirit,Algoma Steel D,Steel,Sault Ste Marie,Detroit,Toledo,Cleveland",16.44,0,0.15,11860.8,661.88,-681.07,1030.83,16.92,0,0.13143999322356567,12204.76,681.07,-681.07,,1065.87822,0.75,Tonnage-based,8.46,0,*Fuel surcharge/rebate more complicated - Refer to worksheet (Depends on tonnage & rate & precentage),,,YES,170064.02807388004,1321.1119797637748,0.0,168742.91609411626,20240706065000,20240714120500,20240706065000.20240714120500,20240706065000.20240714120500
Huron Spirit,16.0,17,CURRENT,Pollard,Jul,3.75,3.75,2024-07-14 12:05:00,2024-07-18 06:00:00.000,1,1,"Pollard,Calcium L,Courtright,Little Current",Calcium L,4000.0,4000.0,"Huron Spirit,Pollard,Calcium L,Courtright,Little Current",Huron Spirit,Trillium,Calcium,COA,Courtright,,,Little Current,,,,Courtright__-Little Current___,Huron Spirit*Trillium*Calcium*Courtright__-Little Current___,"Huron Spirit,Pollard,Calcium L,Courtright,Little Current",21.87,0,0.9165,0,793.1,0,157.25,22.53,0,0.9165,0,816.89,0,,162.5965,0.8,Litres-based,0,15000,Simple - litres * price diff,Econo - Windsor rate but use Hamilton,,YES,90120.0,3666.0,0.0,86454.0,20240714120500,20240718060000,20240714120500.20240718060000,20240714120500.20240718060000
Huron Spirit,46.0,1,COMPLETE,Algoma Steel D,Mar,9.7,13.12,2024-03-22 07:15:00,2024-04-04 10:05:00.000,3,1,"Algoma Steel D,Steel,Sault Ste Marie,Detroit,Toledo,Cleveland",Steel,10126.8154365,10126.8154365,"Huron Spirit,Algoma Steel D,Steel,Sault Ste Marie,Detroit,Toledo,Cleveland",Huron Spirit,Algoma Steel,Steel,COA,Sault Ste. Marie,,,Detroit,Toledo,Cleveland,,Sault Ste. Marie__-Detroit_Toledo_Cleveland_,Huron Spirit*Algoma Steel*Steel*Sault Ste. Marie__-Detroit_Toledo_Cleveland_,"Huron Spirit,Algoma Steel D,Steel,Sault Ste Marie,Detroit,Toledo,Cleveland",16.44,0,0.15,11860.8,661.88,-681.07,1030.83,16.92,0,0.13143999322356567,12204.76,681.07,-681.07,,1065.87822,0.75,Tonnage-based,8.46,0,*Fuel surcharge/rebate more complicated - Refer to worksheet (Depends on tonnage & rate & precentage),,,YES,171345.71718558,1331.06855234986,0.0,170014.64863323013,20240322071500,20240404100500,20240322071500.20240404100500,20240322071500.20240404100500
Niagara Spirit,1.0,1,COMPLETE,IMI - B,Mar,8.39,16.97,2024-03-23 14:40:00,2024-04-09 13:55:00.000,1,1,"IMI - B,Bauxite/Sand,Belledune,Port Daniel",Bauxite/Sand,7700.0,7700.0,"Niagara Spirit,IMI - B,Bauxite/Sand,Belledune,Port Daniel",Niagara Spirit,IMI,Bauxite/Sand,COA,Belledune,,,Port Daniel,,,,Belledune__-Port Daniel___,Niagara Spirit*IMI*Bauxite/Sand*Belledune__-Port Daniel___,"Niagara Spirit,IMI - B,Bauxite/Sand,Belledune,Port Daniel",,,,,,,21879,9.42,0,0,0,550,0,,22622.886000000002,0.64,Tonnage-based,1.5,0,Simple - Price difference per litre * metric tonnes * tonnage carried,,,YES,72534.0,0.0,0.0,72534.0,20240323144000,20240409135500,20240323144000.20240409135500,20240323144000.20240409135500
Niagara Spirit,3.0,3,COMPLETE,IMI - B,Apr,5.18,5.18,2024-04-23 16:50:00,2024-04-28 21:03:00.000,1,1,"IMI - B,Sand/Gypsum,Belledune,Port Daniel",Sand/Gypsum,7700.0,7700.0,"Niagara Spirit,IMI - B,Sand/Gypsum,Belledune,Port Daniel",Niagara Spirit,IMI,Sand/Gypsum,COA,Belledune,,,Port Daniel,,,,Belledune__-Port Daniel___,Niagara Spirit*IMI*Sand/Gypsum*Belledune__-Port Daniel___,"Niagara Spirit,IMI - B,Sand/Gypsum,Belledune,Port Daniel",,,,,,,21879,9.42,0,0,0,550,0,,22622.886000000002,0.64,Tonnage-based,1.5,0,Simple - Price difference per litre * metric tonnes * tonnage carried,,,YES,72534.0,0.0,0.0,72534.0,20240423165000,20240428210300,20240423165000.20240428210300,20240423165000.20240428210300
Niagara Spirit,4.0,4,COMPLETE,IMI - B,Apr,2.12,3.49,2024-04-28 21:03:00,2024-05-02 08:45:00.000,1,1,"IMI - B,Bauxite/Sand,Belledune,Port Daniel",Bauxite/Sand,7700.0,7700.0,"Niagara Spirit,IMI - B,Bauxite/Sand,Belledune,Port Daniel",Niagara Spirit,IMI,Bauxite/Sand,COA,Belledune,,,Port Daniel,,,,Belledune__-Port Daniel___,Niagara Spirit*IMI*Bauxite/Sand*Belledune__-Port Daniel___,"Niagara Spirit,IMI - B,Bauxite/Sand,Belledune,Port Daniel",,,,,,,21879,9.42,0,0,0,550,0,,22622.886000000002,0.64,Tonnage-based,1.5,0,Simple - Price difference per litre * metric tonnes * tonnage carried,,,YES,72534.0,0.0,0.0,72534.0,20240428210300,20240502084500,20240428210300.20240502084500,20240428210300.20240502084500
Niagara Spirit,7.0,7,COMPLETE,IMI - B,Jun,2.53,2.53,2024-06-01 16:27:00,2024-06-04 05:15:00.000,1,1,"IMI - B,Bauxite,Belledune,Port Daniel",Bauxite,7700.0,7700.0,"Niagara Spirit,IMI - B,Bauxite,Belledune,Port Daniel",Niagara Spirit,IMI,Bauxite,COA,Belledune,,,Port Daniel,,,,Belledune__-Port Daniel___,Niagara Spirit*IMI*Bauxite*Belledune__-Port Daniel___,"Niagara Spirit,IMI - B,Bauxite,Belledune,Port Daniel",9.24,0,0,0,475,-550,21879,9.42,0,0,0,550,0,,22622.886000000002,0.64,Tonnage-based,1.5,0,Simple - Price difference per litre * metric tonnes * tonnage carried,,,YES,72534.0,0.0,0.0,72534.0,20240601162700,20240604051500,20240601162700.20240604051500,20240601162700.20240604051500
Niagara Spirit,9.0,9,COMPLETE,IMI - B,Jun,8.68,8.68,2024-06-20 19:17:00,2024-06-29 11:40:00.000,3,1,"IMI - B,Bauxite,Belledune,Port Daniel,Belledune,Port Daniel",Bauxite,7636.0,7636.0,"Niagara Spirit,IMI - B,Bauxite,Belledune,Port Daniel,Belledune,Port Daniel",Niagara Spirit,IMI,Bauxite,COA,Belledune,Belledune,,Port Daniel,Port Daniel,,,Belledune_Belledune_-Port Daniel_Port Daniel__,Niagara Spirit*IMI*Bauxite*Belledune_Belledune_-Port Daniel_Port Daniel__,"Niagara Spirit,IMI - B,Bauxite,Belledune,Port Daniel,Belledune,Port Daniel",,,,,,,,9.42,0,0,0,550,0,,25000,0.64,Tonnage-based,1.5,0,Simple - Price difference per litre * metric tonnes * tonnage carried,,,YES,71931.12,0.0,0.0,71931.12,20240620191700,20240629114000,20240620191700.20240629114000,20240620191700.20240629114000
Niagara Spirit,10.0,10,COMPLETE,IMI - B,Jun,1.51,2.72,2024-06-29 11:40:00,2024-07-02 05:00:00.000,1,1,"IMI - B,Gypsum,Belledune,Port Daniel",Gypsum,7700.0,7700.0,"Niagara Spirit,IMI - B,Gypsum,Belledune,Port Daniel",Niagara Spirit,IMI,Gypsum,COA,Belledune,,,Port Daniel,,,,Belledune__-Port Daniel___,Niagara Spirit*IMI*Gypsum*Belledune__-Port Daniel___,"Niagara Spirit,IMI - B,Gypsum,Belledune,Port Daniel",9.07,0,0,0,750,-375,21879,9.42,0,0,0,550,0,,22622.886000000002,0.64,Tonnage-based,1.5,0,Simple - Price difference per litre * metric tonnes * tonnage carried,,,YES,72534.0,0.0,0.0,72534.0,20240629114000,20240702050000,20240629114000.20240702050000,20240629114000.20240702050000
Niagara Spirit,11.0,11,COMPLETE,IMI - M,Jul,5.21,5.21,2024-07-02 05:00:00,2024-07-07 10:05:00.000,1,1,"IMI - M,Sand,Matane,Port Daniel",Sand,7700.0,7700.0,"Niagara Spirit,IMI - M,Sand,Matane,Port Daniel",Niagara Spirit,IMI,Sand,COA,Matane,,,Port Daniel,,,,Matane__-Port Daniel___,Niagara Spirit*IMI*Sand*Matane__-Port Daniel___,"Niagara Spirit,IMI - M,Sand,Matane,Port Daniel",17.57,0,0,0,725,-700,15732,17.91,0,0,0,700,0,,16266.888,0.64,Tonnage-based,3,0,Simple - Price difference per litre * metric tonnes * tonnage carried,,,YES,137907.0,0.0,0.0,137907.0,20240702050000,20240707100500,20240702050000.20240707100500,20240702050000.20240707100500
Niagara Spirit,12.0,12,COMPLETE,IMI - B,Jul,2.15,2.15,2024-07-07 10:05:00,2024-07-09 13:40:00.000,1,1,"IMI - B,Bauxite,Belledune,Port Daniel",Bauxite,7700.0,7700.0,"Niagara Spirit,IMI - B,Bauxite,Belledune,Port Daniel",Niagara Spirit,IMI,Bauxite,COA,Belledune,,,Port Daniel,,,,Belledune__-Port Daniel___,Niagara Spirit*IMI*Bauxite*Belledune__-Port Daniel___,"Niagara Spirit,IMI - B,Bauxite,Belledune,Port Daniel",9.24,0,0,0,475,-550,21879,9.42,0,0,0,550,0,,22622.886000000002,0.64,Tonnage-based,1.5,0,Simple - Price difference per litre * metric tonnes * tonnage carried,,,YES,72534.0,0.0,0.0,72534.0,20240707100500,20240709134000,20240707100500.20240709134000,20240707100500.20240709134000
Niagara Spirit,13.0,13,COMPLETE,IMI - B,Jul,4.57,4.57,2024-07-09 13:40:00,2024-07-14 03:25:00.000,1,1,"IMI - B,Bauxite/Iron Fines,Belledune,Port Daniel",Bauxite/Iron Fines,7700.0,7700.0,"Niagara Spirit,IMI - B,Bauxite/Iron Fines,Belledune,Port Daniel",Niagara Spirit,IMI,Bauxite/Iron Fines,COA,Belledune,,,Port Daniel,,,,Belledune__-Port Daniel___,Niagara Spirit*IMI*Bauxite/Iron Fines*Belledune__-Port Daniel___,"Niagara Spirit,IMI - B,Bauxite/Iron Fines,Belledune,Port Daniel",,,,,,,21879,9.42,0,0,0,550,0,,22622.886000000002,0.64,Tonnage-based,1.5,0,Simple - Price difference per litre * metric tonnes * tonnage carried,,,YES,72534.0,0.0,0.0,72534.0,20240709134000,20240714032500,20240709134000.20240714032500,20240709134000.20240714032500
Northern Venture,1.0,3,COMPLETE,Lafarge,Apr,1.38,1.38,2024-04-01 08:16:00,2024-04-02 17:20:00.000,1,1,"Lafarge,Aggregates,Marblehead,Sarnia",Aggregates,7553.22231,7553.22231,"Northern Venture,Lafarge,Aggregates,Marblehead,Sarnia",Northern Venture,LaFarge,Aggregates,COA,Marblehead,,,Sarnia,,,,Marblehead__-Sarnia___,Northern Venture*LaFarge*Aggregates*Marblehead__-Sarnia___,"Northern Venture,Lafarge,Aggregates,Marblehead,Sarnia",,,,,,,,5.01,0,0,0,1551,-775.5,,976.95,0.6799999932,Tonnage-based,0.79,0,,,,YES,37841.6437731,0.0,0.0,37841.6437731,20240401081600,20240402172000,20240401081600.20240402172000,20240401081600.20240402172000
Northern Venture,2.0,4,COMPLETE,Mosaic,Apr,15.31,15.31,2024-04-02 17:20:00,2024-04-18 00:52:00.000,3,1,"Mosaic,Potash,Thunder Bay,Toledo,Contrecoeur,Sarnia",Potash,13497.95,13497.95,"Northern Venture,Mosaic,Potash,Thunder Bay,Toledo,Contrecoeur,Sarnia",Northern Venture,Mosaic,Potash,Spot,Thunder Bay,,,Toledo,Contrecoeur,Sarnia,,Thunder Bay__-Toledo_Contrecoeur_Sarnia_,Northern Venture*Mosaic*Potash*Thunder Bay__-Toledo_Contrecoeur_Sarnia_,"Northern Venture,Mosaic,Potash,Thunder Bay,Toledo,Contrecoeur,Sarnia",,,,,,,,58.75,0,0,0,1780,-890,,33000,0.989,Tonnage-based,1,0,,,,YES,793004.5625,0.0,0.0,793004.5625,20240402172000,20240418005200,20240402172000.20240418005200,20240402172000.20240418005200
Northern Venture,3.0,5,COMPLETE,Windsor Salt,Apr,2.4,2.4,2024-04-18 00:52:00,2024-04-20 10:30:00.000,1,1,"Windsor Salt,Salt,Detroit,Parry Sound",Salt,11875.87,11875.87,"Northern Venture,Windsor Salt,Salt,Detroit,Parry Sound",Northern Venture,Windsor Salt,Salt,COA,Detroit,,,Parry Sound,,,,Detroit__-Parry Sound___,Northern Venture*Windsor Salt*Salt*Detroit__-Parry Sound___,"Northern Venture,Windsor Salt,Salt,Detroit,Parry Sound",,,,,,,,9.76,0,0,0,1545,-772.5,,1403,1.0148,Tonnage-based,2.32,0,,,,YES,115908.4912,0.0,0.0,115908.4912,20240418005200,20240420103000,20240418005200.20240420103000,20240418005200.20240420103000
Northern Venture,4.0,6,COMPLETE,Tomlinson,Apr,2.23,2.23,2024-04-20 10:30:00,2024-04-22 16:06:00.000,1,1,"Tomlinson,Stone,Bruce Mines,Ferrysburg",Stone,10030.744545,10030.744545,"Northern Venture,Tomlinson,Stone,Bruce Mines,Ferrysburg",Northern Venture,Tomlinson,Stone,COA,Bruce Mines,,,Ferrysburg,,,,Bruce Mines__-Ferrysburg___,Northern Venture*Tomlinson*Stone*Bruce Mines__-Ferrysburg___,"Northern Venture,Tomlinson,Stone,Bruce Mines,Ferrysburg",11.32,0,0,0,1500,-750,1637.8625000000002,11.6,0,0,0,1552.5,-776.25,,1678.375,1,Tonnage-based,3.21,0,,,,YES,116356.636722,0.0,0.0,116356.636722,20240420103000,20240422160600,20240420103000.20240422160600,20240420103000.20240422160600
Northern Venture,5.0,7,COMPLETE,Tomlinson,Apr,2.59,2.59,2024-04-22 16:06:00,2024-04-25 06:12:00.000,1,1,"Tomlinson,Stone,Bruce Mines,Detroit",Stone,12647.002582050001,12647.002582050001,"Northern Venture,Tomlinson,Stone,Bruce Mines,Detroit",Northern Venture,Tomlinson,Stone,COA,Bruce Mines,,,Detroit,,,,Bruce Mines__-Detroit___,Northern Venture*Tomlinson*Stone*Bruce Mines__-Detroit___,"Northern Venture,Tomlinson,Stone,Bruce Mines,Detroit",8.7,0,0,0,1500,-750,1702.2637499999998,8.92,0,0,0,1552.5,-776.25,,1745.3095000000003,1,Tonnage-based,2.31,0,,,,YES,112811.26303188602,0.0,0.0,112811.26303188602,20240422160600,20240425061200,20240422160600.20240425061200,20240422160600.20240425061200
Northern Venture,6.0,8,CURRENT,Tomlinson,Apr,2.6,2.64,2024-04-25 06:12:00,2024-04-27 20:30:00.000,1,1,"Tomlinson,Stone,Bruce Mines,Detroit",Stone,12700.59,12700.59,"Northern Venture,Tomlinson,Stone,Bruce Mines,Detroit",Northern Venture,Tomlinson,Stone,COA,Bruce Mines,,,Detroit,,,,Bruce Mines__-Detroit___,Northern Venture*Tomlinson*Stone*Bruce Mines__-Detroit___,"Northern Venture,Tomlinson,Stone,Bruce Mines,Detroit",8.7,0,0,0,1500,-750,1702.2637499999998,8.92,0,0,0,1552.5,-776.25,,1745.3095000000003,1,Tonnage-based,2.31,0,,,,YES,113289.2628,0.0,0.0,113289.2628,20240425061200,20240427203000,20240425061200.20240427203000,20240425061200.20240427203000
Northern Venture,7.0,9,COMPLETE,Lafarge,Apr,1.77,1.77,2024-04-27 20:30:00,2024-04-29 15:00:00.000,1,1,"Lafarge,Aggregates,Marblehead,Sarnia",Aggregates,14487.74445,14487.74445,"Northern Venture,Lafarge,Aggregates,Marblehead,Sarnia",Northern Venture,LaFarge,Aggregates,COA,Marblehead,,,Sarnia,,,,Marblehead__-Sarnia___,Northern Venture*LaFarge*Aggregates*Marblehead__-Sarnia___,"Northern Venture,Lafarge,Aggregates,Marblehead,Sarnia",,,,,,,,5.01,0,0,0,1551,-775.5,,976.95,0.6799999932,Tonnage-based,0.79,0,,,,YES,72583.5996945,0.0,0.0,72583.5996945,20240427203000,20240429150000,20240427203000.20240429150000,20240427203000.20240429150000
Northern Venture,8.0,10,COMPLETE,Lafarge,May,0.72,2.09,2024-04-29 15:00:00,2024-05-01 17:13:00.000,2,1,"Lafarge,Aggregates,Meldrum Bay,Saginaw-BVD,Saginaw-Wirt",Aggregates,9932.768565,9932.768565,"Northern Venture,Lafarge,Aggregates,Meldrum Bay,Saginaw-BVD,Saginaw-Wirt",Northern Venture,LaFarge,Aggregates,COA,Meldrum Bay,,,Saginaw-BVD,Saginaw-Wirt,,,Meldrum Bay__-Saginaw-BVD_Saginaw-Wirt__,Northern Venture*LaFarge*Aggregates*Meldrum Bay__-Saginaw-BVD_Saginaw-Wirt__,"Northern Venture,Lafarge,Aggregates,Meldrum Bay,Saginaw-BVD,Saginaw-Wirt",,,,,,,,8.02,0,0,0,1551,-775,,1182.95,0.688,Tonnage-based,1.53,0,,,,YES,79660.8038913,0.0,0.0,79660.8038913,20240429150000,20240501171300,20240429150000.20240501171300,20240429150000.20240501171300
Northern Venture,9.0,11,COMPLETE,Lafarge,May,2.22,2.22,2024-05-01 17:13:00,2024-05-03 22:30:00.000,2,1,"Lafarge,Aggregates,Meldrum Bay,Bay City,Saginaw-Wirt",Aggregates,13761.99645,13761.99645,"Northern Venture,Lafarge,Aggregates,Meldrum Bay,Bay City,Saginaw-Wirt",Northern Venture,LaFarge,Aggregates,COA,Meldrum Bay,,,Bay City,Sagniaw-Wirt,,,Meldrum Bay__-Bay City_Sagniaw-Wirt__,Northern Venture*LaFarge*Aggregates*Meldrum Bay__-Bay City_Sagniaw-Wirt__,"Northern Venture,Lafarge,Aggregates,Meldrum Bay,Bay City,Saginaw-Wirt",,,,,,,,8.02,0,0,3102,1551,-775,,1503.75,0.688,Tonnage-based,1.53,0,,,,YES,110371.211529,0.0,0.0,110371.211529,20240501171300,20240503223000,20240501171300.20240503223000,20240501171300.20240503223000
Northern Venture,10.0,12,COMPLETE,Lafarge,May,2.92,2.92,2024-05-03 22:30:00,2024-05-06 20:30:00.000,1,1,"Lafarge,Aggregates,Meldrum Bay,Cleveland",Aggregates,12498.287745,12498.287745,"Northern Venture,Lafarge,Aggregates,Meldrum Bay,Cleveland",Northern Venture,LaFarge,Aggregates,COA,Meldrum Bay,,,Cleveland,,,,Meldrum Bay__-Cleveland___,Northern Venture*LaFarge*Aggregates*Meldrum Bay__-Cleveland___,"Northern Venture,Lafarge,Aggregates,Meldrum Bay,Cleveland",,,,,,,,11.2,0,0,0,1551,-775,,1904,0.688,Tonnage-based,2.26,0,,,,YES,139980.82274399998,0.0,0.0,139980.82274399998,20240503223000,20240506203000,20240503223000.20240506203000,20240503223000.20240506203000
Northern Venture,11.0,13,COMPLETE,Windsor Salt,May,2.26,2.26,2024-05-06 20:30:00,2024-05-09 02:47:00.000,1,1,"Windsor Salt,Salt,Detroit,Parry Sound",Salt,11616.68,11616.68,"Northern Venture,Windsor Salt,Salt,Detroit,Parry Sound",Northern Venture,Windsor Salt,Salt,COA,Detroit,,,Parry Sound,,,,Detroit__-Parry Sound___,Northern Venture*Windsor Salt*Salt*Detroit__-Parry Sound___,"Northern Venture,Windsor Salt,Salt,Detroit,Parry Sound",,,,,,,,9.76,0,0,0,1545,-772.5,,1403,1.0148,Tonnage-based,2.32,0,,,,YES,113378.7968,0.0,0.0,113378.7968,20240506203000,20240509024700,20240506203000.20240509024700,20240506203000.20240509024700
Northern Venture,12.0,14,COMPLETE,Tomlinson,May,1.45,1.45,2024-05-09 02:47:00,2024-05-10 13:30:00.000,1,1,"Tomlinson,Stone,Bruce Mines,Cheboygan",Stone,9565.35864,9565.35864,"Northern Venture,Tomlinson,Stone,Bruce Mines,Cheboygan",Northern Venture,Tomlinson,Stone,COA,Bruce Mines,,,Cheboygan,,,,Bruce Mines__-Cheboygan___,Northern Venture*Tomlinson*Stone*Bruce Mines__-Cheboygan___,"Northern Venture,Tomlinson,Stone,Bruce Mines,Cheboygan",,,,,,,,4.89,0,0,0,1552.5,-776.25,,687.2895,1,Tonnage-based,0.81,0,,,,YES,46774.6037496,0.0,0.0,46774.6037496,20240509024700,20240510133000,20240509024700.20240510133000,20240509024700.20240510133000
Northern Venture,13.0,15,COMPLETE,Mosaic,May,7.17,7.17,2024-05-10 13:30:00,2024-05-17 17:36:00.000,2,1,"Mosaic,Potash,Thunder Bay,Sarnia,Hamilton",Potash,9767.1,9767.1,"Northern Venture,Mosaic,Potash,Thunder Bay,Sarnia,Hamilton",Northern Venture,Mosaic,Potash,Spot,Thunder Bay,,,Sarnia,Hamilton,,,Thunder Bay__-Sarnia_Hamilton__,Northern Venture*Mosaic*Potash*Thunder Bay__-Sarnia_Hamilton__,"Northern Venture,Mosaic,Potash,Thunder Bay,Sarnia,Hamilton",,,,,,,,40.98,0,0,0,1780,-890,,17000,0.989,Tonnage-based,1,0,,,,YES,400255.758,0.0,0.0,400255.758,20240510133000,20240517173600,20240510133000.20240517173600,20240510133000.20240517173600
Northern Venture,14.0,16,COMPLETE,Lafarge,May,2.64,2.64,2024-05-17 17:36:00,2024-05-20 09:00:00.000,1,1,"Lafarge,Aggregates,Marblehead,Windsor",Aggregates,15135.474540000001,15135.474540000001,"Northern Venture,Lafarge,Aggregates,Marblehead,Windsor",Northern Venture,LaFarge,Aggregates,COA,Marblehead,,,Windsor,,,,Marblehead__-Windsor___,Northern Venture*LaFarge*Aggregates*Marblehead__-Windsor___,"Northern Venture,Lafarge,Aggregates,Marblehead,Windsor",3.93,0,0,0,1500,-750,766.35,4.03,0,0,0,1551,-775.5,,785.8500000000001,0.6799999932,Tonnage-based,0.54,0,,,,YES,60995.96239620001,0.0,0.0,60995.96239620001,20240517173600,20240520090000,20240517173600.20240520090000,20240517173600.20240520090000
Northern Venture,15.0,17,COMPLETE,Windsor Salt,May,2.12,2.12,2024-05-20 09:00:00,2024-05-22 11:52:00.000,1,1,"Windsor Salt,Salt,Detroit,Parry Sound",Salt,11572.82,11572.82,"Northern Venture,Windsor Salt,Salt,Detroit,Parry Sound",Northern Venture,Windsor Salt,Salt,COA,Detroit,,,Parry Sound,,,,Detroit__-Parry Sound___,Northern Venture*Windsor Salt*Salt*Detroit__-Parry Sound___,"Northern Venture,Windsor Salt,Salt,Detroit,Parry Sound",,,,,,,,9.76,0,0,0,1545,-772.5,,1403,1.0148,Tonnage-based,2.32,0,,,,YES,112950.7232,0.0,0.0,112950.7232,20240520090000,20240522115200,20240520090000.20240522115200,20240520090000.20240522115200
Northern Venture,16.0,18,COMPLETE,Tomlinson,May,2.38,2.38,2024-05-22 11:52:00,2024-05-24 20:54:00.000,2,1,"Tomlinson,Stone,Bruce Mines,Bay City,Saginaw",Stone,13556.065455,13556.065455,"Northern Venture,Tomlinson,Stone,Bruce Mines,Bay City,Saginaw",Northern Venture,Tomlinson,Stone,COA,Bruce Mines,,,Bay City,Saginaw,,,Bruce Mines__-Bay City_Saginaw__,Northern Venture*Tomlinson*Stone*Bruce Mines__-Bay City_Saginaw__,"Northern Venture,Tomlinson,Stone,Bruce Mines,Bay City,Saginaw",8.21,0,0,0,1500,-750,1026.2500000000002,8.43,0,0,0,1552.5,-776.25,,1053.75,1,Tonnage-based,1.99,0,,,,YES,114277.63178565,0.0,0.0,114277.63178565,20240522115200,20240524205400,20240522115200.20240524205400,20240522115200.20240524205400
Northern Venture,17.0,19,COMPLETE,Tomlinson,May,3.37,3.37,2024-05-24 20:54:00,2024-05-28 05:42:00.000,1,1,"Tomlinson,Stone,Bruce Mines,South Chicago",Stone,12049.231170000001,12049.231170000001,"Northern Venture,Tomlinson,Stone,Bruce Mines,South Chicago",Northern Venture,Tomlinson,Stone,COA,Bruce Mines,,,South Chicago,,,,Bruce Mines__-South Chicago___,Northern Venture*Tomlinson*Stone*Bruce Mines__-South Chicago___,"Northern Venture,Tomlinson,Stone,Bruce Mines,South Chicago",,,,,,,,10.91,0,0,0,1552.5,-776.25,,2134.6778750000003,1,Tonnage-based,3.11,0,,,,YES,131457.11206470002,0.0,0.0,131457.11206470002,20240524205400,20240528054200,20240524205400.20240528054200,20240524205400.20240528054200
Northern Venture,18.0,20,COMPLETE,Tomlinson,May,2.53,2.53,2024-05-28 05:42:00,2024-05-30 18:24:00.000,1,1,"Tomlinson,Stone,Bruce Mines,Manistee",Stone,9403.52590785,9403.52590785,"Northern Venture,Tomlinson,Stone,Bruce Mines,Manistee",Northern Venture,Tomlinson,Stone,COA,Bruce Mines,,,Manistee,,,,Bruce Mines__-Manistee___,Northern Venture*Tomlinson*Stone*Bruce Mines__-Manistee___,"Northern Venture,Tomlinson,Stone,Bruce Mines,Manistee",,,,,,,,9.62,0,0,0,1552.5,-776.25,,1882.27325,1,Tonnage-based,2.53,0,,,,YES,90461.919233517,0.0,0.0,90461.919233517,20240528054200,20240530182400,20240528054200.20240530182400,20240528054200.20240530182400
Northern Venture,19.0,21,COMPLETE,Tomlinson,Jun,1.44,2.67,2024-05-30 18:24:00,2024-06-02 10:28:00.000,1,1,"Tomlinson,Stone,Bruce Mines,South Chicago",Stone,13712.101275,13712.101275,"Northern Venture,Tomlinson,Stone,Bruce Mines,South Chicago",Northern Venture,Tomlinson,Stone,COA,Bruce Mines,,,South Chicago,,,,Bruce Mines__-South Chicago___,Northern Venture*Tomlinson*Stone*Bruce Mines__-South Chicago___,"Northern Venture,Tomlinson,Stone,Bruce Mines,South Chicago",,,,,,,,10.91,0,0,0,1552.5,-776.25,,2134.6778750000003,1,Tonnage-based,3.11,0,,,,YES,149599.02491025,0.0,0.0,149599.02491025,20240530182400,20240602102800,20240530182400.20240602102800,20240530182400.20240602102800
Northern Venture,20.0,22,COMPLETE,Tomlinson,Jun,3.13,3.13,2024-06-02 10:28:00,2024-06-05 13:37:00.000,2,1,"Tomlinson,Stone,Bruce Mines,Marysville,Detroit",Stone,13436.317035,13436.317035,"Northern Venture,Tomlinson,Stone,Bruce Mines,Marysville,Detroit",Northern Venture,Tomlinson,Stone,COA,Bruce Mines,,,Marysville,Detroit,,,Bruce Mines__-Marysville_Detroit__,Northern Venture*Tomlinson*Stone*Bruce Mines__-Marysville_Detroit__,"Northern Venture,Tomlinson,Stone,Bruce Mines,Marysville,Detroit",,,,,,,,8.92,0,0,0,1552.5,-776.25,,1745.3095000000003,1,Tonnage-based,2.31,0,,,,YES,119851.9479522,0.0,0.0,119851.9479522,20240602102800,20240605133700,20240602102800.20240605133700,20240602102800.20240605133700
Northern Venture,21.0,23,COMPLETE,Tomlinson,Jun,2.62,2.62,2024-06-05 13:37:00,2024-06-08 04:23:00.000,1,1,"Tomlinson,Stone,Bruce Mines,Detroit",Stone,14184.74466,14184.74466,"Northern Venture,Tomlinson,Stone,Bruce Mines,Detroit",Northern Venture,Tomlinson,Stone,COA,Bruce Mines,,,Detroit,,,,Bruce Mines__-Detroit___,Northern Venture*Tomlinson*Stone*Bruce Mines__-Detroit___,"Northern Venture,Tomlinson,Stone,Bruce Mines,Detroit",8.7,0,0,0,1500,-750,1702.2637499999998,8.92,0,0,0,1552.5,-776.25,,1745.3095000000003,1,Tonnage-based,2.31,0,,,,YES,126527.92236720001,0.0,0.0,126527.92236720001,20240605133700,20240608042300,20240605133700.20240608042300,20240605133700.20240608042300
Northern Venture,22.0,24,COMPLETE,Lafarge,Jun,2.6,2.6,2024-06-08 04:23:00,2024-06-10 18:44:00.000,1,1,"Lafarge,Aggregates,Meldrum Bay,Marysville",Aggregates,15090.11529,15090.11529,"Northern Venture,Lafarge,Aggregates,Meldrum Bay,Marysville",Northern Venture,LaFarge,Aggregates,COA,Meldrum Bay,,,Marysville,,,,Meldrum Bay__-Marysville___,Northern Venture*LaFarge*Aggregates*Meldrum Bay__-Marysville___,"Northern Venture,Lafarge,Aggregates,Meldrum Bay,Marysville",,,,,,,,5.91,0,0,0,1551,-775.5,,1254.102,0.688,Tonnage-based,1.12,0,,,,YES,89182.5813639,0.0,0.0,89182.5813639,20240608042300,20240610184400,20240608042300.20240610184400,20240608042300.20240610184400
Northern Venture,23.0,25,COMPLETE,Tomlinson,Jun,2.33,2.33,2024-06-10 18:44:00,2024-06-13 02:40:00.000,2,1,"Tomlinson,Stone,Bruce Mines,Bay City,Saginaw",Stone,14165.693775,14165.693775,"Northern Venture,Tomlinson,Stone,Bruce Mines,Bay City,Saginaw",Northern Venture,Tomlinson,Stone,COA,Bruce Mines,,,Bay City,Saginaw,,,Bruce Mines__-Bay City_Saginaw__,Northern Venture*Tomlinson*Stone*Bruce Mines__-Bay City_Saginaw__,"Northern Venture,Tomlinson,Stone,Bruce Mines,Bay City,Saginaw",8.21,0,0,0,1500,-750,1026.2500000000002,8.43,0,0,0,1552.5,-776.25,,1053.75,1,Tonnage-based,1.99,0,,,,YES,119416.79852324999,0.0,0.0,119416.79852324999,20240610184400,20240613024000,20240610184400.20240613024000,20240610184400.20240613024000
Northern Venture,24.0,26,COMPLETE,Lafarge,Jun,2.88,2.88,2024-06-13 02:40:00,2024-06-15 23:45:00.000,1,1,"Lafarge,Aggregates,Meldrum Bay,Cleveland",Aggregates,12749.57799,12749.57799,"Northern Venture,Lafarge,Aggregates,Meldrum Bay,Cleveland",Northern Venture,LaFarge,Aggregates,COA,Meldrum Bay,,,Cleveland,,,,Meldrum Bay__-Cleveland___,Northern Venture*LaFarge*Aggregates*Meldrum Bay__-Cleveland___,"Northern Venture,Lafarge,Aggregates,Meldrum Bay,Cleveland",,,,,,,,11.2,0,0,0,1551,-775,,1904,0.688,Tonnage-based,2.26,0,,,,YES,142795.27348799998,0.0,0.0,142795.27348799998,20240613024000,20240615234500,20240613024000.20240615234500,20240613024000.20240615234500
Northern Venture,25.0,27,COMPLETE,Windsor Salt,Jun,2.31,2.31,2024-06-15 23:45:00,2024-06-18 07:08:00.000,1,1,"Windsor Salt,Salt,Detroit,Parry Sound",Salt,12222.07,12222.07,"Northern Venture,Windsor Salt,Salt,Detroit,Parry Sound",Northern Venture,Windsor Salt,Salt,COA,Detroit,,,Parry Sound,,,,Detroit__-Parry Sound___,Northern Venture*Windsor Salt*Salt*Detroit__-Parry Sound___,"Northern Venture,Windsor Salt,Salt,Detroit,Parry Sound",,,,,,,,9.76,0,0,0,1545,-772.5,,1403,1.0148,Tonnage-based,2.32,0,,,,YES,119287.4032,0.0,0.0,119287.4032,20240615234500,20240618070800,20240615234500.20240618070800,20240615234500.20240618070800
Northern Venture,26.0,28,COMPLETE,Tomlinson,Jun,2.34,2.34,2024-06-18 07:08:00,2024-06-20 15:13:00.000,1,1,"Tomlinson,Stone,Bruce Mines,Detroit",Stone,14172.04407,14172.04407,"Northern Venture,Tomlinson,Stone,Bruce Mines,Detroit",Northern Venture,Tomlinson,Stone,COA,Bruce Mines,,,Detroit,,,,Bruce Mines__-Detroit___,Northern Venture*Tomlinson*Stone*Bruce Mines__-Detroit___,"Northern Venture,Tomlinson,Stone,Bruce Mines,Detroit",8.7,0,0,0,1500,-750,1702.2637499999998,8.92,0,0,0,1552.5,-776.25,,1745.3095000000003,1,Tonnage-based,2.31,0,,,,YES,126414.6331044,0.0,0.0,126414.6331044,20240618070800,20240620151300,20240618070800.20240620151300,20240618070800.20240620151300
Northern Venture,27.0,29,COMPLETE,Lafarge,Jun,2.55,2.55,2024-06-20 15:13:00,2024-06-23 04:20:00.000,2,1,"Lafarge,Aggregates,Meldrum Bay,Bay City,Saginaw",Aggregates,13884.466425,13884.466425,"Northern Venture,Lafarge,Aggregates,Meldrum Bay,Bay City,Saginaw",Northern Venture,LaFarge,Aggregates,COA,Meldrum Bay,,,Bay City,Saginaw,,,Meldrum Bay__-Bay City_Saginaw__,Northern Venture*LaFarge*Aggregates*Meldrum Bay__-Bay City_Saginaw__,"Northern Venture,Lafarge,Aggregates,Meldrum Bay,Bay City,Saginaw",,,,,,,,8.02,0,0,0,1551,-775.5,,1503.75,0.688,Tonnage-based,1.53,0,,,,YES,111353.4207285,0.0,0.0,111353.4207285,20240620151300,20240623042000,20240620151300.20240623042000,20240620151300.20240623042000
Northern Venture,28.0,30,COMPLETE,Tomlinson,Jun,3.05,3.05,2024-06-23 04:20:00,2024-06-26 05:33:00.000,2,1,"Tomlinson,Stone,Bruce Mines,Sarnia,Cleveland",Stone,14326.26552,14326.26552,"Northern Venture,Tomlinson,Stone,Bruce Mines,Sarnia,Cleveland",Northern Venture,Tomlinson,Stone,COA,Bruce Mines,,,Sarnia,Cleveland,,,Bruce Mines__-Sarnia_Cleveland__,Northern Venture*Tomlinson*Stone*Bruce Mines__-Sarnia_Cleveland__,"Northern Venture,Tomlinson,Stone,Bruce Mines,Sarnia,Cleveland",,,,,,,,13.62,0,0,0,1552.5,-776.25,,2664.92325,1,Tonnage-based,4.45,0,,,,YES,195123.7363824,0.0,0.0,195123.7363824,20240623042000,20240626053300,20240623042000.20240626053300,20240623042000.20240626053300
Northern Venture,29.0,31,COMPLETE,Tomlinson,Jun,2.42,2.42,2024-06-26 05:33:00,2024-06-28 15:41:00.000,1,1,"Tomlinson,Stone,Bruce Mines,Cheboygan",Stone,10024.39425,10024.39425,"Northern Venture,Tomlinson,Stone,Bruce Mines,Cheboygan",Northern Venture,Tomlinson,Stone,COA,Bruce Mines,,,Cheboygan,,,,Bruce Mines__-Cheboygan___,Northern Venture*Tomlinson*Stone*Bruce Mines__-Cheboygan___,"Northern Venture,Tomlinson,Stone,Bruce Mines,Cheboygan",,,,,,,,4.89,0,0,0,1552.5,-776.25,,687.2895,1,Tonnage-based,0.81,0,,,,YES,49019.28788249999,0.0,0.0,49019.28788249999,20240626053300,20240628154100,20240626053300.20240628154100,20240626053300.20240628154100
Northern Venture,30.0,32,COMPLETE,Lafarge,Jun,2.35,3.18,2024-06-28 15:41:00,2024-07-01 20:00:00.000,2,1,"Lafarge,Aggregates,Meldrum Bay,Fairport,Fairport",Aggregates,13312.03269,13312.03269,"Northern Venture,Lafarge,Aggregates,Meldrum Bay,Fairport,Fairport",Northern Venture,LaFarge,Aggregates,COA,Meldrum Bay,,,Fairport,Fairport,,,Meldrum Bay__-Fairport_Fairport__,Northern Venture*LaFarge*Aggregates*Meldrum Bay__-Fairport_Fairport__,"Northern Venture,Lafarge,Aggregates,Meldrum Bay,Fairport,Fairport",,,,,,,,10.3,0,0,0,1551,-775.5,,1815.375,0.6799999932,Tonnage-based,2.17,0,,,,YES,137113.93670700002,0.0,0.0,137113.93670700002,20240628154100,20240701200000,20240628154100.20240701200000,20240628154100.20240701200000
Northern Venture,31.0,33,COMPLETE,Tomlinson,Jul,2.32,2.32,2024-07-01 20:00:00,2024-07-04 03:37:00.000,1,1,"Tomlinson,Stone,Bruce Mines,South Chicago",Stone,14331.708630000001,14331.708630000001,"Northern Venture,Tomlinson,Stone,Bruce Mines,South Chicago",Northern Venture,Tomlinson,Stone,COA,Bruce Mines,,,South Chicago,,,,Bruce Mines__-South Chicago___,Northern Venture*Tomlinson*Stone*Bruce Mines__-South Chicago___,"Northern Venture,Tomlinson,Stone,Bruce Mines,South Chicago",,,,,,,,10.91,0,0,0,1552.5,-776.25,,2134.6778750000003,1,Tonnage-based,3.11,0,,,,YES,156358.94115330002,0.0,0.0,156358.94115330002,20240701200000,20240704033700,20240701200000.20240704033700,20240701200000.20240704033700
Northern Venture,32.0,34,COMPLETE,Tomlinson,Jul,2.71,2.71,2024-07-04 03:37:00,2024-07-06 20:43:00.000,1,1,"Tomlinson,Stone,Bruce Mines,Ferrysburg",Stone,10500.666375,16009.302347550001,"Northern Venture,Tomlinson,Stone,Bruce Mines,Ferrysburg",Northern Venture,Tomlinson,Stone,COA,Bruce Mines,,,Ferrysburg,,,,Bruce Mines__-Ferrysburg___,Northern Venture*Tomlinson*Stone*Bruce Mines__-Ferrysburg___,"Northern Venture,Tomlinson,Stone,Bruce Mines,Ferrysburg",11.32,0,0,0,1500,-750,1637.8625000000002,11.6,0,0,0,1552.5,-776.25,,1678.375,1,Tonnage-based,3.21,0,,,,YES,185707.90723158,0.0,0.0,185707.90723158,20240704033700,20240706204300,20240704033700.20240706204300,20240704033700.20240706204300
Northern Venture,33.0,2,COMPLETE,Lafarge,Apr,0.34,2.67,2024-03-29 16:08:00,2024-04-01 08:16:00.000,1,1,"Lafarge,Aggregates,Meldrum Bay,Fairport",Aggregates,13231.293225,13231.293225,"Northern Venture,Lafarge,Aggregates,Meldrum Bay,Fairport",Northern Venture,LaFarge,Aggregates,COA,Meldrum Bay,,,Fairport,,,,Meldrum Bay__-Fairport___,Northern Venture*LaFarge*Aggregates*Meldrum Bay__-Fairport___,"Northern Venture,Lafarge,Aggregates,Meldrum Bay,Fairport",,,,,,,,10.3,0,0,0,1551,-775.5,,1815.375,0.688,Tonnage-based,2.17,0,,,,NO,136282.3202175,0.0,0.0,136282.3202175,20240329160800,20240401081600,20240329160800.20240401081600,20240329160800.20240401081600
Northern Venture,34.0,36,COMPLETE,Lafarge,Jul,2.21,2.21,2024-07-09 12:00:00,2024-07-11 17:07:00.000,1,1,"Lafarge,Aggregates,Meldrum Bay,Ludington",Aggregates,14110.35549,14110.35549,"Northern Venture,Lafarge,Aggregates,Meldrum Bay,Ludington",Northern Venture,LaFarge,Aggregates,COA,Meldrum Bay,,,Ludington,,,,Meldrum Bay__-Ludington___,Northern Venture*LaFarge*Aggregates*Meldrum Bay__-Ludington___,"Northern Venture,Lafarge,Aggregates,Meldrum Bay,Ludington",,,,,,,,7.03,0,0,0,1551,-775.5,,1370.8500000000001,0.688,Tonnage-based,1.38,0,,,,YES,99195.7990947,0.0,0.0,99195.7990947,20240709120000,20240711170700,20240709120000.20240711170700,20240709120000.20240711170700
Northern Venture,35.0,37,COMPLETE,Tomlinson,Jul,3.05,3.05,2024-07-11 17:07:00,2024-07-14 18:20:00.000,1,1,"Tomlinson,Stone,Bruce Mines,Ashtabula",Stone,14242.8045,14242.8045,"Northern Venture,Tomlinson,Stone,Bruce Mines,Ashtabula",Northern Venture,Tomlinson,Stone,COA,Bruce Mines,,,Ashtabula,,,,Bruce Mines__-Ashtabula___,Northern Venture*Tomlinson*Stone*Bruce Mines__-Ashtabula___,"Northern Venture,Tomlinson,Stone,Bruce Mines,Ashtabula",,,,,,,,12.48,0,0,0,1552.5,-776.25,,2441.868,1,Tonnage-based,3.47,0,,,,YES,177750.20016,0.0,0.0,177750.20016,20240711170700,20240714182000,20240711170700.20240714182000,20240711170700.20240714182000
Northern Venture,36.0,38,CURRENT,Windsor Salt,Jul,1.61,1.61,2024-07-14 18:20:00,2024-07-16 09:00:00.000,1,1,"Windsor Salt,Salt,Fairport,Port Colborne",Salt,12278.748975,12278.748975,"Northern Venture,Windsor Salt,Salt,Fairport,Port Colborne",Northern Venture,Windsor Salt,Salt,,Fairport,,,Port Colborne,,,,Fairport__-Port Colborne___,Northern Venture*Windsor Salt*Salt*Fairport__-Port Colborne___,"Northern Venture,Windsor Salt,Salt,Fairport,Port Colborne",7.61,0,0,0,1500,-750,1155.76875,7.79,0,0,0,1545,-772.5,,1183.10625,1.00299998997,Tonnage-based,1.66,0,,,,YES,95651.45451525,0.0,0.0,95651.45451525,20240714182000,20240716090000,20240714182000.20240716090000,20240714182000.20240716090000
